HouseholdID,Day,WaterUsage
0,1,50.0
0,2,50.0
0,3,50.0
0,4,50.0
0,5,50.0
0,6,50.0
0,7,50.0
0,8,50.0
0,9,50.0
0,10,50.0
0,11,50.0
0,12,50.0
0,13,50.0
0,14,50.0
0,15,50.0
0,16,50.0
0,17,50.0
0,18,50.0
0,19,59.935161809229484
0,20,50.0
0,21,50.0
0,22,50.0
0,23,50.0
0,24,50.0
0,25,50.0
0,26,50.0
0,27,50.0
0,28,50.0
0,29,50.0
0,30,50.0
1,1,50.0
1,2,50.0
1,3,50.0
1,4,50.0
1,5,50.0
1,6,50.0
1,7,50.0
1,8,50.0
1,9,50.0
1,10,50.0
1,11,50.0
1,12,50.0
1,13,50.0
1,14,50.0
1,15,50.0
1,16,50.0
1,17,50.0
1,18,50.0
1,19,50.0
1,20,50.0
1,21,50.0
1,22,50.0
1,23,50.0
1,24,50.0
1,25,50.0
1,26,50.0
1,27,50.0
1,28,50.0
1,29,50.0
1,30,50.0
2,1,50.0
2,2,50.0
2,3,50.0
2,4,50.0
2,5,50.0
2,6,50.0
2,7,50.0
2,8,50.0
2,9,79.74198685591409
2,10,50.0
2,11,50.0
2,12,50.0
2,13,50.0
2,14,50.0
2,15,50.0
2,16,50.0
2,17,50.0
2,18,50.0
2,19,50.0
2,20,50.0
2,21,50.0
2,22,50.0
2,23,50.0
2,24,50.0
2,25,50.0
2,26,50.0
2,27,50.0
2,28,50.0
2,29,50.0
2,30,50.0
3,1,50.0
3,2,50.0
3,3,50.0
3,4,50.0
3,5,50.0
3,6,50.0
3,7,50.0
3,8,50.0
3,9,50.0
3,10,50.0
3,11,50.0
3,12,50.0
3,13,50.0
3,14,50.0
3,15,50.0
3,16,50.0
3,17,50.0
3,18,50.0
3,19,50.0
3,20,55.365361494982494
3,21,50.0
3,22,50.0
3,23,50.0
3,24,50.0
3,25,50.0
3,26,50.0
3,27,50.0
3,28,50.0
3,29,50.0
3,30,50.0
4,1,50.0
4,2,50.0
4,3,50.0
4,4,50.0
4,5,50.0
4,6,50.0
4,7,50.0
4,8,50.0
4,9,50.0
4,10,50.0
4,11,50.0
4,12,50.0
4,13,50.0
4,14,50.0
4,15,50.0
4,16,50.0
4,17,50.0
4,18,50.0
4,19,50.0
4,20,50.0
4,21,50.0
4,22,62.118551432995595
4,23,50.0
4,24,50.0
4,25,50.0
4,26,50.0
4,27,50.0
4,28,50.0
4,29,50.0
4,30,50.0
5,1,50.0
5,2,50.0
5,3,50.0
5,4,50.0
5,5,50.0
5,6,50.0
5,7,50.0
5,8,50.0
5,9,50.0
5,10,50.0
5,11,50.0
5,12,50.0
5,13,50.0
5,14,50.0
5,15,50.0
5,16,50.0
5,17,50.0
5,18,50.0
5,19,50.0
5,20,50.0
5,21,50.0
5,22,50.0
5,23,50.0
5,24,50.0
5,25,50.0
5,26,60.244782981742866
5,27,50.0
5,28,50.0
5,29,50.0
5,30,50.0
6,1,50.0
6,2,50.0
6,3,50.0
6,4,50.0
6,5,50.0
6,6,50.0
6,7,50.0
6,8,50.0
6,9,50.0
6,10,50.0
6,11,50.0
6,12,50.0
6,13,50.0
6,14,50.0
6,15,50.0
6,16,50.0
6,17,50.0
6,18,50.0
6,19,50.0
6,20,50.0
6,21,50.0
6,22,50.0
6,23,50.0
6,24,50.0
6,25,50.0
6,26,50.0
6,27,50.0
6,28,50.0
6,29,50.0
6,30,50.0
7,1,50.0
7,2,50.0
7,3,50.0
7,4,50.0
7,5,50.0
7,6,50.0
7,7,59.25109802783118
7,8,50.0
7,9,50.0
7,10,50.0
7,11,50.0
7,12,50.0
7,13,50.0
7,14,50.0
7,15,50.0
7,16,50.0
7,17,50.0
7,18,50.0
7,19,50.0
7,20,50.0
7,21,55.836808480867525
7,22,50.0
7,23,50.0
7,24,50.0
7,25,50.0
7,26,50.0
7,27,50.0
7,28,50.0
7,29,50.0
7,30,50.0
8,1,50.0
8,2,50.0
8,3,50.0
8,4,50.0
8,5,50.0
8,6,50.0
8,7,50.0
8,8,50.0
8,9,50.0
8,10,50.0
8,11,50.0
8,12,50.0
8,13,50.0
8,14,50.0
8,15,50.0
8,16,50.0
8,17,50.0
8,18,50.0
8,19,50.0
8,20,50.0
8,21,50.0
8,22,50.0
8,23,50.0
8,24,50.0
8,25,50.0
8,26,56.04946801314915
8,27,50.0
8,28,50.0
8,29,50.0
8,30,50.0
9,1,50.0
9,2,50.0
9,3,50.0
9,4,50.0
9,5,53.51842330585997
9,6,50.0
9,7,50.0
9,8,50.0
9,9,50.0
9,10,50.0
9,11,50.0
9,12,50.0
9,13,50.0
9,14,50.0
9,15,50.0
9,16,50.0
9,17,50.0
9,18,50.0
9,19,50.0
9,20,50.0
9,21,50.0
9,22,50.0
9,23,50.0
9,24,50.0
9,25,50.0
9,26,50.0
9,27,50.0
9,28,50.0
9,29,50.0
9,30,50.0
10,1,50.0
10,2,50.0
10,3,50.0
10,4,50.0
10,5,50.0
10,6,50.0
10,7,50.0
10,8,50.0
10,9,50.0
10,10,50.0
10,11,50.0
10,12,50.0
10,13,51.83048031522953
10,14,50.0
10,15,50.0
10,16,50.0
10,17,50.0
10,18,50.0
10,19,50.0
10,20,50.0
10,21,50.0
10,22,50.0
10,23,50.0
10,24,50.0
10,25,50.0
10,26,50.0
10,27,50.0
10,28,50.0
10,29,50.0
10,30,50.0
11,1,50.0
11,2,50.0
11,3,50.0
11,4,50.0
11,5,50.0
11,6,50.0
11,7,50.0
11,8,50.0
11,9,50.0
11,10,50.0
11,11,50.0
11,12,50.0
11,13,50.0
11,14,50.0
11,15,50.0
11,16,50.0
11,17,50.0
11,18,50.0
11,19,50.0
11,20,50.0
11,21,50.0
11,22,50.0
11,23,50.0
11,24,50.0
11,25,50.0
11,26,50.0
11,27,50.0
11,28,50.0
11,29,50.0
11,30,50.0
12,1,50.0
12,2,50.0
12,3,50.0
12,4,50.0
12,5,50.0
12,6,50.0
12,7,50.0
12,8,50.0
12,9,50.0
12,10,50.0
12,11,50.0
12,12,50.0
12,13,50.0
12,14,50.0
12,15,50.0
12,16,50.0
12,17,50.0
12,18,50.0
12,19,50.0
12,20,50.0
12,21,50.0
12,22,50.0
12,23,50.0
12,24,50.0
12,25,50.0
12,26,50.0
12,27,50.0
12,28,50.0
12,29,50.0
12,30,50.0
13,1,50.0
13,2,50.0
13,3,50.0
13,4,50.0
13,5,50.0
13,6,50.0
13,7,50.0
13,8,50.0
13,9,50.0
13,10,50.0
13,11,50.0
13,12,50.0
13,13,50.0
13,14,50.0
13,15,50.0
13,16,50.0
13,17,50.0
13,18,50.0
13,19,54.862182260190274
13,20,50.0
13,21,50.0
13,22,50.0
13,23,50.0
13,24,50.0
13,25,50.0
13,26,50.0
13,27,50.0
13,28,50.0
13,29,50.0
13,30,50.0
14,1,50.0
14,2,50.0
14,3,50.0
14,4,50.0
14,5,50.0
14,6,50.0
14,7,50.0
14,8,50.0
14,9,50.0
14,10,50.0
14,11,50.0
14,12,50.0
14,13,50.0
14,14,50.0
14,15,50.0
14,16,50.0
14,17,50.0
14,18,50.0
14,19,50.0
14,20,50.0
14,21,55.14343911736693
14,22,50.0
14,23,50.0
14,24,50.0
14,25,50.0
14,26,50.0
14,27,50.0
14,28,50.0
14,29,50.0
14,30,50.0
15,1,50.0
15,2,50.0
15,3,50.0
15,4,50.0
15,5,50.0
15,6,50.0
15,7,50.0
15,8,50.0
15,9,50.0
15,10,50.0
15,11,50.0
15,12,50.0
15,13,50.0
15,14,50.0
15,15,50.0
15,16,50.0
15,17,73.48156445539841
15,18,50.0
15,19,50.0
15,20,50.0
15,21,50.0
15,22,50.0
15,23,50.0
15,24,50.0
15,25,50.0
15,26,50.0
15,27,50.0
15,28,50.0
15,29,50.0
15,30,50.0
16,1,53.35579095072201
16,2,50.0
16,3,50.0
16,4,50.0
16,5,50.0
16,6,50.0
16,7,50.0
16,8,50.0
16,9,50.0
16,10,50.0
16,11,50.0
16,12,50.0
16,13,50.0
16,14,50.0
16,15,50.0
16,16,50.0
16,17,50.0
16,18,50.0
16,19,50.0
16,20,50.0
16,21,50.0
16,22,50.0
16,23,50.0
16,24,50.0
16,25,50.0
16,26,50.0
16,27,50.0
16,28,50.0
16,29,50.0
16,30,50.0
17,1,50.0
17,2,50.0
17,3,50.0
17,4,50.0
17,5,50.0
17,6,50.0
17,7,50.0
17,8,50.0
17,9,50.0
17,10,50.0
17,11,50.0
17,12,50.0
17,13,50.0
17,14,50.0
17,15,50.0
17,16,50.0
17,17,50.0
17,18,50.0
17,19,50.0
17,20,50.0
17,21,50.0
17,22,50.0
17,23,50.0
17,24,50.0
17,25,50.0
17,26,50.0
17,27,50.0
17,28,50.0
17,29,50.0
17,30,50.0
18,1,50.0
18,2,50.0
18,3,50.0
18,4,50.0
18,5,50.0
18,6,50.0
18,7,50.0
18,8,50.0
18,9,50.0
18,10,50.0
18,11,50.0
18,12,50.0
18,13,50.0
18,14,50.0
18,15,50.0
18,16,50.0
18,17,50.0
18,18,50.0
18,19,50.0
18,20,50.0
18,21,50.0
18,22,50.0
18,23,50.0
18,24,50.0
18,25,50.0
18,26,50.0
18,27,50.0
18,28,50.0
18,29,50.0
18,30,50.0
19,1,50.0
19,2,50.0
19,3,50.0
19,4,53.762913302658774
19,5,50.0
19,6,50.0
19,7,50.0
19,8,50.0
19,9,50.0
19,10,50.0
19,11,50.0
19,12,50.0
19,13,50.0
19,14,50.0
19,15,50.0
19,16,50.0
19,17,50.0
19,18,50.0
19,19,50.0
19,20,50.0
19,21,50.0
19,22,50.0
19,23,50.0
19,24,50.0
19,25,50.0
19,26,50.0
19,27,50.0
19,28,50.0
19,29,50.0
19,30,50.0
20,1,50.0
20,2,62.49148970441234
20,3,50.0
20,4,50.0
20,5,50.0
20,6,50.0
20,7,50.0
20,8,50.0
20,9,50.0
20,10,50.0
20,11,50.0
20,12,50.0
20,13,50.0
20,14,50.0
20,15,50.0
20,16,50.0
20,17,60.393880071191056
20,18,50.0
20,19,50.0
20,20,50.0
20,21,50.0
20,22,50.0
20,23,50.0
20,24,50.0
20,25,50.0
20,26,50.0
20,27,50.0
20,28,50.0
20,29,50.0
20,30,50.0
21,1,50.0
21,2,50.0
21,3,50.0
21,4,50.0
21,5,50.0
21,6,50.0
21,7,50.0
21,8,50.0
21,9,50.0
21,10,50.0
21,11,60.99159122632415
21,12,50.0
21,13,50.0
21,14,50.0
21,15,50.0
21,16,50.0
21,17,50.0
21,18,50.0
21,19,50.0
21,20,50.0
21,21,50.0
21,22,50.0
21,23,50.0
21,24,50.0
21,25,50.0
21,26,50.0
21,27,50.0
21,28,50.0
21,29,50.0
21,30,50.0
22,1,50.0
22,2,50.0
22,3,50.0
22,4,50.0
22,5,50.0
22,6,50.0
22,7,50.0
22,8,50.0
22,9,50.0
22,10,50.0
22,11,50.0
22,12,50.0
22,13,50.0
22,14,50.0
22,15,50.0
22,16,50.0
22,17,50.0
22,18,50.0
22,19,50.0
22,20,50.0
22,21,50.0
22,22,50.0
22,23,50.0
22,24,50.0
22,25,50.0
22,26,50.0
22,27,50.0
22,28,50.0
22,29,50.0
22,30,50.0
23,1,50.0
23,2,50.0
23,3,50.0
23,4,50.0
23,5,50.0
23,6,50.0
23,7,50.0
23,8,50.0
23,9,50.0
23,10,50.0
23,11,50.0
23,12,50.0
23,13,50.0
23,14,50.0
23,15,50.0
23,16,50.0
23,17,50.0
23,18,50.0
23,19,50.0
23,20,50.0
23,21,50.0
23,22,50.0
23,23,50.0
23,24,50.0
23,25,50.0
23,26,50.0
23,27,50.0
23,28,50.0
23,29,50.0
23,30,50.0
24,1,50.0
24,2,50.0
24,3,50.0
24,4,50.0
24,5,50.0
24,6,50.0
24,7,50.0
24,8,50.0
24,9,50.0
24,10,50.0
24,11,50.0
24,12,50.0
24,13,50.0
24,14,50.0
24,15,50.0
24,16,50.0
24,17,50.0
24,18,50.0
24,19,50.0
24,20,50.0
24,21,53.14049701882147
24,22,50.0
24,23,50.0
24,24,50.0
24,25,50.0
24,26,50.0
24,27,50.0
24,28,50.0
24,29,50.0
24,30,50.0
25,1,50.0
25,2,50.0
25,3,50.0
25,4,50.0
25,5,50.0
25,6,50.0
25,7,50.0
25,8,50.0
25,9,50.0
25,10,50.0
25,11,50.0
25,12,50.0
25,13,50.0
25,14,50.0
25,15,50.0
25,16,50.0
25,17,50.0
25,18,50.0
25,19,50.0
25,20,50.0
25,21,50.0
25,22,50.0
25,23,50.0
25,24,50.0
25,25,50.0
25,26,50.0
25,27,50.0
25,28,50.0
25,29,50.0
25,30,50.0
26,1,50.0
26,2,50.0
26,3,50.0
26,4,50.0
26,5,50.0
26,6,50.0
26,7,50.0
26,8,50.0
26,9,50.0
26,10,50.0
26,11,50.0
26,12,50.0
26,13,50.0
26,14,50.0
26,15,50.0
26,16,50.0
26,17,50.0
26,18,50.0
26,19,50.0
26,20,50.0
26,21,50.0
26,22,50.0
26,23,50.0
26,24,50.0
26,25,50.0
26,26,50.0
26,27,50.0
26,28,50.0
26,29,50.0
26,30,50.0
27,1,50.0
27,2,50.0
27,3,50.0
27,4,50.0
27,5,50.0
27,6,50.0
27,7,50.0
27,8,50.0
27,9,50.0
27,10,50.0
27,11,50.0
27,12,50.0
27,13,50.0
27,14,50.0
27,15,50.0
27,16,50.0
27,17,50.0
27,18,55.21074392953183
27,19,50.0
27,20,50.0
27,21,50.0
27,22,50.0
27,23,50.0
27,24,50.0
27,25,50.0
27,26,50.0
27,27,50.0
27,28,50.0
27,29,50.0
27,30,50.0
28,1,54.3857034488804
28,2,50.0
28,3,50.0
28,4,50.0
28,5,50.0
28,6,50.0
28,7,50.0
28,8,50.0
28,9,50.0
28,10,50.0
28,11,50.0
28,12,50.0
28,13,50.0
28,14,50.0
28,15,50.0
28,16,50.0
28,17,50.0
28,18,50.0
28,19,50.0
28,20,50.0
28,21,50.0
28,22,50.0
28,23,50.0
28,24,50.0
28,25,50.0
28,26,50.0
28,27,50.0
28,28,50.0
28,29,50.0
28,30,50.0
29,1,50.0
29,2,50.0
29,3,50.0
29,4,50.0
29,5,50.0
29,6,50.0
29,7,50.0
29,8,50.0
29,9,50.0
29,10,50.0
29,11,50.0
29,12,50.0
29,13,50.0
29,14,50.0
29,15,50.0
29,16,50.0
29,17,50.0
29,18,50.0
29,19,50.0
29,20,56.93803647570723
29,21,50.0
29,22,50.0
29,23,50.0
29,24,50.0
29,25,50.0
29,26,50.0
29,27,50.0
29,28,50.0
29,29,50.0
29,30,50.0
30,1,50.0
30,2,50.0
30,3,50.0
30,4,50.0
30,5,50.0
30,6,50.0
30,7,50.0
30,8,50.0
30,9,50.0
30,10,50.0
30,11,50.0
30,12,50.0
30,13,50.0
30,14,50.0
30,15,50.0
30,16,50.0
30,17,50.0
30,18,50.0
30,19,50.0
30,20,50.0
30,21,50.0
30,22,50.0
30,23,50.0
30,24,50.0
30,25,50.0
30,26,50.0
30,27,50.0
30,28,50.0
30,29,50.0
30,30,50.0
31,1,50.0
31,2,50.0
31,3,50.0
31,4,50.0
31,5,50.0
31,6,50.0
31,7,50.0
31,8,50.0
31,9,50.0
31,10,50.0
31,11,50.0
31,12,50.0
31,13,50.0
31,14,50.0
31,15,50.0
31,16,50.0
31,17,50.0
31,18,50.0
31,19,50.0
31,20,50.0
31,21,50.0
31,22,50.0
31,23,50.0
31,24,50.0
31,25,50.0
31,26,50.0
31,27,50.0
31,28,50.0
31,29,50.0
31,30,50.0
32,1,50.0
32,2,50.0
32,3,50.0
32,4,50.0
32,5,60.839035525642615
32,6,50.0
32,7,50.0
32,8,50.0
32,9,50.0
32,10,50.0
32,11,50.0
32,12,50.0
32,13,50.0
32,14,50.0
32,15,50.0
32,16,50.0
32,17,50.0
32,18,50.0
32,19,50.0
32,20,50.0
32,21,50.0
32,22,50.0
32,23,50.0
32,24,50.0
32,25,50.0
32,26,50.0
32,27,50.0
32,28,50.0
32,29,50.0
32,30,50.0
33,1,54.67819515213024
33,2,50.0
33,3,50.0
33,4,50.0
33,5,50.0
33,6,50.0
33,7,50.0
33,8,50.0
33,9,50.0
33,10,50.0
33,11,50.0
33,12,56.01838487186221
33,13,50.0
33,14,50.0
33,15,50.0
33,16,50.0
33,17,50.0
33,18,50.0
33,19,50.0
33,20,50.0
33,21,50.0
33,22,50.0
33,23,50.0
33,24,50.0
33,25,50.0
33,26,50.0
33,27,50.0
33,28,50.0
33,29,50.0
33,30,50.0
34,1,50.0
34,2,50.0
34,3,50.0
34,4,50.0
34,5,50.0
34,6,50.0
34,7,50.0
34,8,50.0
34,9,50.0
34,10,50.0
34,11,50.0
34,12,50.0
34,13,50.0
34,14,50.0
34,15,50.0
34,16,50.0
34,17,50.0
34,18,50.0
34,19,50.0
34,20,50.0
34,21,50.0
34,22,50.0
34,23,50.0
34,24,50.0
34,25,50.0
34,26,50.0
34,27,50.0
34,28,50.0
34,29,50.0
34,30,50.0
35,1,50.0
35,2,50.0
35,3,50.0
35,4,50.0
35,5,50.0
35,6,50.0
35,7,50.0
35,8,54.82379333004291
35,9,50.0
35,10,50.0
35,11,50.0
35,12,50.0
35,13,50.0
35,14,50.0
35,15,50.0
35,16,50.0
35,17,50.0
35,18,50.0
35,19,50.0
35,20,50.0
35,21,50.0
35,22,50.0
35,23,50.0
35,24,50.0
35,25,50.0
35,26,50.0
35,27,55.056327754440645
35,28,50.0
35,29,50.0
35,30,50.0
36,1,50.0
36,2,50.0
36,3,50.0
36,4,50.0
36,5,50.0
36,6,50.0
36,7,50.0
36,8,50.0
36,9,50.0
36,10,50.0
36,11,50.0
36,12,50.0
36,13,50.0
36,14,50.0
36,15,50.0
36,16,50.0
36,17,50.0
36,18,50.0
36,19,50.0
36,20,50.0
36,21,50.0
36,22,50.0
36,23,50.0
36,24,50.0
36,25,50.0
36,26,50.0
36,27,50.0
36,28,50.0
36,29,50.0
36,30,50.0
37,1,50.0
37,2,50.0
37,3,50.0
37,4,50.0
37,5,50.0
37,6,50.0
37,7,50.0
37,8,50.0
37,9,50.0
37,10,50.0
37,11,50.0
37,12,50.0
37,13,50.0
37,14,50.0
37,15,50.0
37,16,50.0
37,17,50.0
37,18,57.67156745465233
37,19,50.0
37,20,50.0
37,21,50.0
37,22,58.441702799580995
37,23,50.0
37,24,50.0
37,25,50.0
37,26,61.41789947455162
37,27,50.0
37,28,50.0
37,29,50.0
37,30,50.0
38,1,50.0
38,2,50.0
38,3,50.0
38,4,50.0
38,5,50.0
38,6,50.0
38,7,50.0
38,8,50.0
38,9,50.0
38,10,50.0
38,11,50.0
38,12,50.0
38,13,50.0
38,14,50.0
38,15,50.0
38,16,50.0
38,17,50.0
38,18,50.0
38,19,50.0
38,20,50.0
38,21,51.4877669761588
38,22,50.0
38,23,50.0
38,24,50.0
38,25,50.0
38,26,50.0
38,27,50.0
38,28,50.0
38,29,50.0
38,30,50.0
39,1,50.0
39,2,50.0
39,3,50.0
39,4,50.0
39,5,50.0
39,6,50.0
39,7,50.0
39,8,50.0
39,9,50.0
39,10,50.0
39,11,50.0
39,12,50.0
39,13,50.0
39,14,50.0
39,15,50.0
39,16,53.91910075693108
39,17,50.0
39,18,50.0
39,19,50.0
39,20,50.0
39,21,50.0
39,22,50.0
39,23,50.0
39,24,50.0
39,25,50.0
39,26,55.22657823329034
39,27,50.0
39,28,50.0
39,29,50.0
39,30,62.61030495454968
40,1,50.0
40,2,50.0
40,3,50.0
40,4,50.0
40,5,50.0
40,6,50.0
40,7,50.0
40,8,50.0
40,9,50.0
40,10,50.0
40,11,50.0
40,12,50.0
40,13,50.0
40,14,50.0
40,15,50.0
40,16,50.0
40,17,50.0
40,18,50.0
40,19,50.0
40,20,50.0
40,21,50.0
40,22,57.23497419466667
40,23,50.0
40,24,50.0
40,25,50.0
40,26,53.808711952444185
40,27,50.0
40,28,50.0
40,29,50.0
40,30,50.0
41,1,50.0
41,2,50.0
41,3,50.0
41,4,50.0
41,5,50.0
41,6,50.0
41,7,50.0
41,8,50.0
41,9,50.0
41,10,50.0
41,11,50.0
41,12,50.0
41,13,50.0
41,14,50.0
41,15,60.96284364468769
41,16,50.0
41,17,50.0
41,18,50.0
41,19,50.0
41,20,50.0
41,21,50.0
41,22,50.0
41,23,50.0
41,24,50.0
41,25,50.0
41,26,50.0
41,27,50.0
41,28,50.0
41,29,50.0
41,30,64.43624319370961
42,1,50.0
42,2,50.0
42,3,50.0
42,4,50.0
42,5,50.0
42,6,50.0
42,7,50.0
42,8,50.0
42,9,50.0
42,10,50.0
42,11,50.0
42,12,50.0
42,13,50.0
42,14,50.0
42,15,50.0
42,16,50.0
42,17,50.0
42,18,50.0
42,19,63.49147244929784
42,20,50.0
42,21,50.0
42,22,50.0
42,23,50.0
42,24,50.0
42,25,50.0
42,26,50.0
42,27,50.0
42,28,50.0
42,29,50.0
42,30,50.0
43,1,50.0
43,2,50.0
43,3,50.0
43,4,50.0
43,5,50.0
43,6,50.0
43,7,50.0
43,8,50.0
43,9,50.0
43,10,50.0
43,11,50.0
43,12,50.0
43,13,50.0
43,14,50.0
43,15,50.0
43,16,50.0
43,17,50.0
43,18,50.0
43,19,50.0
43,20,50.0
43,21,50.0
43,22,50.0
43,23,50.0
43,24,50.0
43,25,50.0
43,26,50.0
43,27,50.0
43,28,50.0
43,29,50.0
43,30,50.0
44,1,50.0
44,2,50.0
44,3,50.0
44,4,50.0
44,5,50.0
44,6,50.0
44,7,50.0
44,8,50.0
44,9,50.0
44,10,50.0
44,11,50.0
44,12,50.0
44,13,50.0
44,14,50.0
44,15,50.0
44,16,50.0
44,17,50.0
44,18,50.0
44,19,50.0
44,20,50.0
44,21,50.0
44,22,50.0
44,23,50.0
44,24,50.0
44,25,50.0
44,26,50.0
44,27,50.0
44,28,50.0
44,29,50.0
44,30,50.0
45,1,50.0
45,2,50.0
45,3,50.4518251699845
45,4,50.0
45,5,50.0
45,6,50.0
45,7,50.0
45,8,50.0
45,9,50.0
45,10,50.0
45,11,50.0
45,12,50.0
45,13,50.0
45,14,50.0
45,15,50.0
45,16,50.0
45,17,50.0
45,18,50.0
45,19,50.0
45,20,50.0
45,21,50.0
45,22,50.0
45,23,50.0
45,24,53.48412711747372
45,25,50.0
45,26,50.0
45,27,50.0
45,28,50.0
45,29,50.0
45,30,50.0
46,1,50.0
46,2,50.0
46,3,50.0
46,4,50.0
46,5,50.0
46,6,50.0
46,7,50.0
46,8,50.0
46,9,50.0
46,10,50.0
46,11,50.0
46,12,50.0
46,13,50.0
46,14,50.0
46,15,50.0
46,16,50.0
46,17,50.0
46,18,50.0
46,19,50.0
46,20,50.0
46,21,50.0
46,22,50.0
46,23,50.0
46,24,50.0
46,25,50.0
46,26,50.0
46,27,50.0
46,28,50.0
46,29,50.0
46,30,50.0
47,1,50.0
47,2,50.0
47,3,50.0
47,4,50.0
47,5,50.0
47,6,50.0
47,7,50.0
47,8,64.29346138346085
47,9,50.0
47,10,50.0
47,11,50.0
47,12,50.0
47,13,50.0
47,14,50.0
47,15,50.0
47,16,50.0
47,17,50.0
47,18,50.0
47,19,50.0
47,20,50.0
47,21,50.0
47,22,50.0
47,23,50.0
47,24,50.0
47,25,50.0
47,26,50.0
47,27,50.0
47,28,50.0
47,29,50.0
47,30,50.0
48,1,50.0
48,2,50.0
48,3,50.0
48,4,50.0
48,5,50.0
48,6,50.0
48,7,50.0
48,8,50.0
48,9,50.0
48,10,50.0
48,11,50.0
48,12,50.0
48,13,50.0
48,14,50.0
48,15,50.0
48,16,50.0
48,17,58.86576527043931
48,18,50.0
48,19,50.0
48,20,50.0
48,21,51.807046745921696
48,22,52.313027722982
48,23,50.0
48,24,50.0
48,25,50.0
48,26,50.0
48,27,50.0
48,28,50.0
48,29,50.0
48,30,50.0
49,1,50.0
49,2,50.0
49,3,50.0
49,4,50.0
49,5,50.0
49,6,50.0
49,7,50.0
49,8,50.0
49,9,50.0
49,10,50.0
49,11,50.0
49,12,50.0
49,13,50.0
49,14,50.0
49,15,50.0
49,16,50.0
49,17,50.0
49,18,50.0
49,19,50.0
49,20,50.0
49,21,50.0
49,22,50.0
49,23,50.0
49,24,50.0
49,25,50.0
49,26,50.0
49,27,50.0
49,28,50.0
49,29,50.0
49,30,50.0
50,1,50.0
50,2,50.0
50,3,50.0
50,4,50.0
50,5,50.0
50,6,50.0
50,7,50.0
50,8,50.0
50,9,50.0
50,10,50.0
50,11,50.0
50,12,50.0
50,13,50.0
50,14,50.0
50,15,50.0
50,16,50.0
50,17,50.0
50,18,50.0
50,19,50.0
50,20,50.0
50,21,50.0
50,22,50.0
50,23,50.0
50,24,50.0
50,25,50.0
50,26,50.0
50,27,50.0
50,28,50.0
50,29,50.0
50,30,50.0
51,1,50.0
51,2,50.0
51,3,50.0
51,4,50.0
51,5,50.0
51,6,50.0
51,7,50.0
51,8,50.0
51,9,50.0
51,10,50.0
51,11,50.0
51,12,50.0
51,13,50.0
51,14,50.0
51,15,50.0
51,16,50.0
51,17,50.0
51,18,50.0
51,19,50.0
51,20,50.0
51,21,50.0
51,22,50.0
51,23,50.0
51,24,50.0
51,25,50.0
51,26,50.0
51,27,50.0
51,28,50.0
51,29,50.0
51,30,51.75159122885239
52,1,50.0
52,2,50.0
52,3,50.0
52,4,50.0
52,5,50.0
52,6,50.0
52,7,50.0
52,8,50.0
52,9,50.0
52,10,50.0
52,11,50.0
52,12,50.0
52,13,50.0
52,14,50.0
52,15,50.0
52,16,50.0
52,17,50.0
52,18,50.0
52,19,50.0
52,20,50.0
52,21,50.0
52,22,50.0
52,23,50.0
52,24,50.0
52,25,50.0
52,26,50.0
52,27,50.0
52,28,50.0
52,29,50.0
52,30,50.0
53,1,50.0
53,2,50.0
53,3,50.0
53,4,50.0
53,5,50.0
53,6,50.0
53,7,50.0
53,8,50.0
53,9,50.0
53,10,50.0
53,11,50.0
53,12,50.0
53,13,52.596322560365934
53,14,50.0
53,15,50.0
53,16,50.0
53,17,50.0
53,18,50.0
53,19,50.0
53,20,50.0
53,21,50.0
53,22,50.0
53,23,50.0
53,24,63.13709701587531
53,25,50.0
53,26,50.0
53,27,50.0
53,28,50.0
53,29,50.0
53,30,50.0
54,1,50.0
54,2,50.0
54,3,50.0
54,4,50.0
54,5,50.0
54,6,50.0
54,7,50.0
54,8,50.0
54,9,50.0
54,10,50.0
54,11,50.0
54,12,50.0
54,13,50.0
54,14,50.0
54,15,50.0
54,16,50.0
54,17,50.0
54,18,50.0
54,19,50.0
54,20,50.0
54,21,50.0
54,22,50.0
54,23,50.0
54,24,50.0
54,25,50.0
54,26,50.0
54,27,50.0
54,28,50.0
54,29,50.0
54,30,50.0
55,1,50.0
55,2,50.0
55,3,50.0
55,4,52.14899123359509
55,5,50.0
55,6,50.0
55,7,50.0
55,8,50.0
55,9,50.0
55,10,50.0
55,11,50.0
55,12,50.0
55,13,50.0
55,14,50.0
55,15,50.0
55,16,51.36804995033371
55,17,50.0
55,18,50.0
55,19,50.0
55,20,50.0
55,21,50.0
55,22,50.0
55,23,50.0
55,24,50.0
55,25,50.0
55,26,50.0
55,27,50.0
55,28,50.0
55,29,50.0
55,30,50.0
56,1,50.0
56,2,50.0
56,3,50.0
56,4,50.0
56,5,50.0
56,6,50.0
56,7,50.0
56,8,50.0
56,9,50.0
56,10,50.0
56,11,50.0
56,12,50.0
56,13,50.0
56,14,50.0
56,15,50.0
56,16,50.0
56,17,50.0
56,18,50.0
56,19,50.0
56,20,50.0
56,21,50.0
56,22,50.0
56,23,50.0
56,24,50.0
56,25,50.0
56,26,50.0
56,27,50.0
56,28,50.0
56,29,50.0
56,30,66.29030634990704
57,1,50.0
57,2,50.0
57,3,50.0
57,4,50.0
57,5,50.0
57,6,50.0
57,7,50.0
57,8,50.0
57,9,50.0
57,10,50.0
57,11,50.0
57,12,50.0
57,13,50.0
57,14,50.0
57,15,52.72312845316618
57,16,50.0
57,17,50.0
57,18,50.0
57,19,50.0
57,20,50.0
57,21,50.0
57,22,50.0
57,23,50.0
57,24,50.0
57,25,50.0
57,26,50.0
57,27,50.0
57,28,50.0
57,29,50.0
57,30,50.0
58,1,50.0
58,2,50.0
58,3,50.0
58,4,50.0
58,5,50.0
58,6,50.0
58,7,50.0
58,8,65.72514537522903
58,9,50.0
58,10,50.0
58,11,50.0
58,12,50.0
58,13,50.0
58,14,50.0
58,15,50.0
58,16,50.0
58,17,50.0
58,18,50.0
58,19,50.0
58,20,50.0
58,21,50.0
58,22,50.0
58,23,50.0
58,24,50.0
58,25,50.0
58,26,50.0
58,27,50.0
58,28,50.0
58,29,50.0
58,30,50.0
59,1,50.0
59,2,50.0
59,3,50.0
59,4,50.0
59,5,50.0
59,6,50.0
59,7,50.0
59,8,50.0
59,9,50.0
59,10,50.0
59,11,50.0
59,12,50.0
59,13,50.0
59,14,50.0
59,15,50.0
59,16,50.0
59,17,50.0
59,18,50.0
59,19,50.0
59,20,50.0
59,21,50.0
59,22,50.0
59,23,50.0
59,24,50.0
59,25,50.0
59,26,50.0
59,27,50.0
59,28,50.0
59,29,50.0
59,30,50.0
60,1,50.0
60,2,50.0
60,3,50.0
60,4,50.0
60,5,50.0
60,6,50.0
60,7,50.0
60,8,50.0
60,9,50.0
60,10,50.0
60,11,50.0
60,12,50.0
60,13,50.0
60,14,50.0
60,15,50.0
60,16,50.0
60,17,50.0
60,18,50.0
60,19,50.0
60,20,50.0
60,21,50.0
60,22,50.0
60,23,50.0
60,24,50.0
60,25,50.0
60,26,50.0
60,27,50.0
60,28,50.0
60,29,50.0
60,30,50.0
61,1,50.0
61,2,50.0
61,3,50.0
61,4,50.0
61,5,50.0
61,6,50.0
61,7,50.0
61,8,50.0
61,9,50.0
61,10,50.0
61,11,50.0
61,12,50.0
61,13,50.0
61,14,50.0
61,15,50.0
61,16,50.0
61,17,50.0
61,18,50.0
61,19,50.0
61,20,50.0
61,21,50.0
61,22,50.0
61,23,50.0
61,24,50.0
61,25,50.0
61,26,50.0
61,27,50.0
61,28,50.0
61,29,50.0
61,30,50.0
62,1,50.0
62,2,50.0
62,3,50.0
62,4,50.0
62,5,50.0
62,6,50.0
62,7,50.0
62,8,50.0
62,9,50.0
62,10,50.0
62,11,50.0
62,12,50.0
62,13,50.0
62,14,50.0
62,15,50.0
62,16,50.0
62,17,50.0
62,18,57.09734767601665
62,19,50.0
62,20,50.0
62,21,50.0
62,22,50.0
62,23,50.0
62,24,50.0
62,25,50.0
62,26,50.0
62,27,50.0
62,28,50.0
62,29,50.0
62,30,50.0
63,1,50.0
63,2,50.0
63,3,50.0
63,4,50.0
63,5,50.0
63,6,50.0
63,7,50.0
63,8,50.0
63,9,50.0
63,10,50.0
63,11,50.0
63,12,50.0
63,13,50.0
63,14,50.0
63,15,50.0
63,16,50.0
63,17,50.0
63,18,76.45466226967673
63,19,50.0
63,20,50.0
63,21,50.0
63,22,50.0
63,23,50.0
63,24,50.0
63,25,50.0
63,26,50.0
63,27,50.0
63,28,50.0
63,29,50.0
63,30,50.0
64,1,50.0
64,2,50.0
64,3,60.134576627776624
64,4,50.0
64,5,52.61096135290343
64,6,50.0
64,7,50.0
64,8,50.0
64,9,50.0
64,10,50.0
64,11,50.0
64,12,50.0
64,13,50.0
64,14,50.0
64,15,50.0
64,16,50.0
64,17,50.0
64,18,50.0
64,19,50.0
64,20,50.0
64,21,50.0
64,22,50.0
64,23,50.0
64,24,50.0
64,25,50.0
64,26,50.0
64,27,50.0
64,28,50.0
64,29,50.0
64,30,50.0
65,1,50.0
65,2,50.0
65,3,50.0
65,4,50.0
65,5,50.0
65,6,50.0
65,7,50.0
65,8,50.0
65,9,50.0
65,10,50.0
65,11,50.0
65,12,50.0
65,13,50.0
65,14,50.0
65,15,50.0
65,16,50.0
65,17,50.0
65,18,50.0
65,19,50.0
65,20,50.0
65,21,50.0
65,22,50.0
65,23,50.0
65,24,50.0
65,25,50.0
65,26,50.0
65,27,50.0
65,28,50.0
65,29,50.0
65,30,50.0
66,1,50.0
66,2,50.0
66,3,50.0
66,4,50.0
66,5,50.0
66,6,50.0
66,7,50.0
66,8,50.0
66,9,50.0
66,10,50.0
66,11,50.0
66,12,50.0
66,13,50.0
66,14,50.0
66,15,50.0
66,16,50.0
66,17,50.0
66,18,50.0
66,19,50.0
66,20,50.0
66,21,50.0
66,22,50.0
66,23,50.0
66,24,50.0
66,25,50.0
66,26,50.0
66,27,50.0
66,28,52.85918407184255
66,29,50.0
66,30,50.0
67,1,50.0
67,2,50.0
67,3,50.0
67,4,50.0
67,5,50.0
67,6,50.0
67,7,50.0
67,8,50.0
67,9,50.0
67,10,50.0
67,11,50.0
67,12,50.0
67,13,50.0
67,14,50.0
67,15,50.0
67,16,50.0
67,17,50.0
67,18,50.0
67,19,50.0
67,20,50.0
67,21,50.0
67,22,50.0
67,23,50.0
67,24,50.0
67,25,50.0
67,26,50.0
67,27,50.0
67,28,50.0
67,29,50.0
67,30,50.0
68,1,50.0
68,2,50.0
68,3,50.0
68,4,50.0
68,5,50.0
68,6,50.0
68,7,50.0
68,8,50.0
68,9,50.0
68,10,50.0
68,11,50.0
68,12,50.0
68,13,50.0
68,14,50.0
68,15,50.0
68,16,50.0
68,17,50.0
68,18,50.0
68,19,50.0
68,20,50.0
68,21,50.0
68,22,50.0
68,23,50.0
68,24,50.0
68,25,50.0
68,26,50.0
68,27,50.0
68,28,50.0
68,29,50.0
68,30,50.0
69,1,50.0
69,2,50.0
69,3,50.0
69,4,50.0
69,5,50.0
69,6,50.0
69,7,50.0
69,8,50.0
69,9,50.0
69,10,50.0
69,11,50.0
69,12,50.0
69,13,50.0
69,14,50.0
69,15,50.0
69,16,50.0
69,17,50.0
69,18,50.0
69,19,50.0
69,20,50.0
69,21,50.0
69,22,50.0
69,23,50.0
69,24,50.0
69,25,50.0
69,26,50.0
69,27,50.0
69,28,50.0
69,29,50.0
69,30,50.0
70,1,50.0
70,2,50.0
70,3,50.0
70,4,50.0
70,5,50.0
70,6,50.0
70,7,50.0
70,8,50.0
70,9,50.0
70,10,50.0
70,11,50.0
70,12,50.0
70,13,50.0
70,14,50.0
70,15,50.0
70,16,50.0
70,17,51.35204728342872
70,18,50.0
70,19,50.0
70,20,50.0
70,21,50.0
70,22,50.0
70,23,50.0
70,24,50.0
70,25,50.0
70,26,50.0
70,27,50.0
70,28,50.0
70,29,50.0
70,30,50.0
71,1,50.0
71,2,50.0
71,3,50.0
71,4,50.0
71,5,50.0
71,6,50.0
71,7,50.0
71,8,50.0
71,9,50.0
71,10,50.0
71,11,50.0
71,12,50.0
71,13,50.0
71,14,50.0
71,15,50.0
71,16,50.0
71,17,50.0
71,18,50.0
71,19,50.0
71,20,50.0
71,21,50.0
71,22,50.0
71,23,53.21786842950277
71,24,50.0
71,25,50.0
71,26,50.0
71,27,50.0
71,28,50.0
71,29,50.0
71,30,50.0
72,1,50.0
72,2,50.0
72,3,50.0
72,4,50.0
72,5,50.0
72,6,50.0
72,7,50.0
72,8,50.0
72,9,50.0
72,10,50.0
72,11,50.0
72,12,50.0
72,13,50.0
72,14,50.0
72,15,50.0
72,16,50.0
72,17,50.0
72,18,50.0
72,19,50.0
72,20,61.609022735293976
72,21,50.0
72,22,50.0
72,23,50.0
72,24,50.0
72,25,50.0
72,26,50.0
72,27,50.0
72,28,50.0
72,29,50.0
72,30,50.0
73,1,50.0
73,2,50.0
73,3,50.0
73,4,50.0
73,5,50.0
73,6,50.0
73,7,50.0
73,8,50.0
73,9,50.0
73,10,50.0
73,11,50.0
73,12,50.0
73,13,50.0
73,14,50.0
73,15,50.0
73,16,50.0
73,17,50.0
73,18,50.0
73,19,50.0
73,20,50.0
73,21,50.0
73,22,50.0
73,23,50.0
73,24,50.0
73,25,50.0
73,26,50.0
73,27,50.0
73,28,50.0
73,29,50.0
73,30,50.0
74,1,50.0
74,2,50.0
74,3,50.0
74,4,50.0
74,5,50.0
74,6,50.0
74,7,50.0
74,8,50.0
74,9,50.0
74,10,50.0
74,11,50.0
74,12,50.0
74,13,50.0
74,14,50.0
74,15,50.0
74,16,50.0
74,17,50.0
74,18,50.0
74,19,50.0
74,20,50.0
74,21,50.0
74,22,50.0
74,23,50.0
74,24,50.0
74,25,50.0
74,26,50.0
74,27,50.0
74,28,50.0
74,29,50.0
74,30,50.0
75,1,50.0
75,2,50.0
75,3,50.0
75,4,50.0
75,5,50.0
75,6,50.0
75,7,50.0
75,8,50.0
75,9,50.0
75,10,50.0
75,11,50.0
75,12,50.0
75,13,50.0
75,14,50.0
75,15,50.0
75,16,50.0
75,17,50.0
75,18,50.0
75,19,50.0
75,20,50.0
75,21,50.0
75,22,50.0
75,23,50.0
75,24,50.0
75,25,50.0
75,26,50.0
75,27,50.0
75,28,50.0
75,29,50.0
75,30,50.0
76,1,50.0
76,2,50.0
76,3,50.0
76,4,50.42114991075678
76,5,50.0
76,6,50.0
76,7,50.0
76,8,50.0
76,9,50.0
76,10,50.0
76,11,50.0
76,12,50.0
76,13,50.0
76,14,50.0
76,15,50.0
76,16,50.0
76,17,50.0
76,18,50.0
76,19,50.0
76,20,50.0
76,21,50.0
76,22,50.0
76,23,50.0
76,24,50.0
76,25,50.0
76,26,50.0
76,27,50.0
76,28,50.0
76,29,50.0
76,30,50.0
77,1,50.0
77,2,50.0
77,3,50.0
77,4,50.0
77,5,50.0
77,6,50.0
77,7,50.0
77,8,50.0
77,9,50.0
77,10,50.0
77,11,50.0
77,12,50.0
77,13,50.0
77,14,50.0
77,15,50.0
77,16,50.0
77,17,50.0
77,18,50.0
77,19,50.0
77,20,50.0
77,21,50.0
77,22,50.0
77,23,50.0
77,24,50.0
77,25,50.0
77,26,50.0
77,27,50.0
77,28,50.0
77,29,50.0
77,30,50.0
78,1,50.0
78,2,50.0
78,3,50.0
78,4,50.0
78,5,50.0
78,6,50.0
78,7,50.0
78,8,50.0
78,9,50.0
78,10,50.0
78,11,50.0
78,12,50.0
78,13,50.0
78,14,50.0
78,15,50.0
78,16,50.0
78,17,50.0
78,18,50.0
78,19,50.0
78,20,50.0
78,21,50.0
78,22,50.0
78,23,50.0
78,24,50.0
78,25,50.0
78,26,50.0
78,27,50.0
78,28,50.0
78,29,50.0
78,30,50.0
79,1,50.0
79,2,50.0
79,3,50.0
79,4,50.0
79,5,50.0
79,6,50.0
79,7,50.0
79,8,50.0
79,9,50.0
79,10,50.0
79,11,50.0
79,12,50.0
79,13,50.0
79,14,50.0
79,15,50.0
79,16,50.0
79,17,50.0
79,18,50.0
79,19,50.0
79,20,50.0
79,21,50.0
79,22,50.0
79,23,50.0
79,24,50.0
79,25,50.0
79,26,53.19136475570498
79,27,50.0
79,28,50.0
79,29,50.0
79,30,50.0
80,1,55.701532637744876
80,2,50.0
80,3,50.0
80,4,50.0
80,5,50.0
80,6,50.0
80,7,50.0
80,8,50.0
80,9,50.0
80,10,50.0
80,11,50.0
80,12,50.0
80,13,50.0
80,14,50.0
80,15,50.0
80,16,50.0
80,17,50.0
80,18,50.0
80,19,50.0
80,20,50.0
80,21,50.0
80,22,50.0
80,23,50.0
80,24,50.0
80,25,50.0
80,26,50.0
80,27,50.0
80,28,50.0
80,29,50.0
80,30,50.0
81,1,50.0
81,2,50.0
81,3,50.0
81,4,50.0
81,5,50.0
81,6,50.0
81,7,50.0
81,8,50.0
81,9,50.0
81,10,50.0
81,11,50.0
81,12,50.0
81,13,50.0
81,14,70.06071820086493
81,15,50.0
81,16,50.0
81,17,50.0
81,18,50.0
81,19,50.0
81,20,50.0
81,21,51.48640944538755
81,22,50.0
81,23,50.0
81,24,50.0
81,25,50.0
81,26,50.0
81,27,50.0
81,28,50.0
81,29,50.0
81,30,50.0
82,1,50.0
82,2,50.0
82,3,50.0
82,4,50.0
82,5,50.0
82,6,50.0
82,7,50.0
82,8,50.0
82,9,50.0
82,10,50.0
82,11,50.0
82,12,50.0
82,13,50.0
82,14,50.0
82,15,50.0
82,16,50.0
82,17,50.0
82,18,50.0
82,19,50.0
82,20,50.0
82,21,50.0
82,22,50.0
82,23,50.0
82,24,50.0
82,25,50.0
82,26,54.53335893836817
82,27,50.0
82,28,50.0
82,29,50.0
82,30,50.0
83,1,50.0
83,2,50.0
83,3,50.0
83,4,50.0
83,5,50.0
83,6,50.0
83,7,50.0
83,8,50.0
83,9,58.84428146874282
83,10,50.0
83,11,50.0
83,12,50.0
83,13,50.0
83,14,50.0
83,15,50.0
83,16,50.0
83,17,50.0
83,18,50.0
83,19,50.0
83,20,50.0
83,21,50.0
83,22,50.0
83,23,50.0
83,24,50.0
83,25,50.0
83,26,50.0
83,27,50.0
83,28,50.0
83,29,50.0
83,30,50.0
84,1,50.0
84,2,50.0
84,3,50.0
84,4,50.0
84,5,50.0
84,6,50.0
84,7,50.0
84,8,50.0
84,9,50.0
84,10,50.0
84,11,50.0
84,12,50.0
84,13,50.0
84,14,50.0
84,15,50.0
84,16,50.0
84,17,50.0
84,18,56.88336976222004
84,19,50.0
84,20,50.0
84,21,50.0
84,22,50.0
84,23,50.0
84,24,50.0
84,25,50.0
84,26,50.0
84,27,50.0
84,28,50.0
84,29,50.0
84,30,50.0
85,1,50.0
85,2,50.0
85,3,50.0
85,4,50.0
85,5,50.0
85,6,50.0
85,7,50.0
85,8,50.0
85,9,50.0
85,10,50.0
85,11,50.0
85,12,50.0
85,13,50.0
85,14,50.0
85,15,50.0
85,16,50.0
85,17,50.0
85,18,50.0
85,19,50.0
85,20,50.0
85,21,50.0
85,22,50.0
85,23,50.0
85,24,50.0
85,25,50.0
85,26,50.0
85,27,50.0
85,28,50.0
85,29,50.0
85,30,50.0
86,1,50.0
86,2,50.0
86,3,50.0
86,4,50.0
86,5,50.0
86,6,50.0
86,7,50.0
86,8,50.0
86,9,50.0
86,10,50.0
86,11,50.0
86,12,50.0
86,13,50.0
86,14,50.0
86,15,50.0
86,16,50.0
86,17,50.0
86,18,50.0
86,19,50.0
86,20,50.0
86,21,50.0
86,22,50.0
86,23,50.0
86,24,50.0
86,25,50.0
86,26,50.0
86,27,50.0
86,28,50.0
86,29,50.0
86,30,50.0
87,1,50.0
87,2,50.0
87,3,50.0
87,4,50.0
87,5,50.0
87,6,50.0
87,7,50.0
87,8,50.0
87,9,50.0
87,10,50.0
87,11,50.0
87,12,50.0
87,13,55.221691888036865
87,14,50.0
87,15,50.0
87,16,50.0
87,17,50.0
87,18,50.0
87,19,50.0
87,20,50.0
87,21,50.0
87,22,50.0
87,23,50.0
87,24,50.0
87,25,50.0
87,26,50.0
87,27,50.0
87,28,50.0
87,29,50.0
87,30,50.0
88,1,50.0
88,2,50.0
88,3,50.0
88,4,50.0
88,5,50.0
88,6,50.0
88,7,50.0
88,8,50.0
88,9,50.0
88,10,50.0
88,11,50.0
88,12,50.0
88,13,50.0
88,14,50.0
88,15,50.0
88,16,50.0
88,17,50.0
88,18,50.0
88,19,50.0
88,20,50.0
88,21,50.0
88,22,50.0
88,23,50.0
88,24,70.78658273365099
88,25,50.0
88,26,50.0
88,27,50.0
88,28,50.0
88,29,50.0
88,30,50.0
89,1,50.0
89,2,50.0
89,3,50.0
89,4,50.0
89,5,50.0
89,6,50.0
89,7,50.0
89,8,50.0
89,9,50.0
89,10,50.0
89,11,50.0
89,12,50.0
89,13,50.0
89,14,50.0
89,15,50.0
89,16,50.0
89,17,50.0
89,18,50.0
89,19,50.0
89,20,50.0
89,21,50.0
89,22,50.0
89,23,50.0
89,24,50.0
89,25,50.0
89,26,50.0
89,27,50.0
89,28,50.0
89,29,50.0
89,30,50.0
90,1,50.0
90,2,50.0
90,3,50.0
90,4,50.0
90,5,50.0
90,6,50.0
90,7,50.0
90,8,50.0
90,9,50.0
90,10,50.0
90,11,50.0
90,12,50.0
90,13,50.0
90,14,50.0
90,15,50.0
90,16,50.0
90,17,50.0
90,18,50.0
90,19,50.0
90,20,50.0
90,21,50.0
90,22,50.0
90,23,50.0
90,24,50.0
90,25,50.0
90,26,50.0
90,27,50.0
90,28,50.0
90,29,50.0
90,30,50.0
91,1,50.0
91,2,50.0
91,3,50.0
91,4,50.0
91,5,50.0
91,6,50.0
91,7,50.0
91,8,50.0
91,9,50.0
91,10,50.0
91,11,50.0
91,12,50.0
91,13,50.0
91,14,50.0
91,15,50.0
91,16,50.0
91,17,50.0
91,18,50.0
91,19,51.70476152804203
91,20,50.0
91,21,57.99763440554457
91,22,50.0
91,23,50.0
91,24,50.0
91,25,50.0
91,26,50.0
91,27,50.0
91,28,50.0
91,29,50.0
91,30,50.0
92,1,50.0
92,2,50.0
92,3,50.0
92,4,50.0
92,5,50.0
92,6,50.0
92,7,50.0
92,8,50.0
92,9,50.0
92,10,50.0
92,11,50.0
92,12,50.0
92,13,50.0
92,14,50.0
92,15,50.0
92,16,50.0
92,17,50.0
92,18,50.0
92,19,50.0
92,20,50.0
92,21,50.0
92,22,50.0
92,23,50.0
92,24,50.0
92,25,50.0
92,26,50.0
92,27,50.0
92,28,50.0
92,29,50.0
92,30,50.0
93,1,50.0
93,2,50.0
93,3,50.0
93,4,50.0
93,5,50.0
93,6,50.0
93,7,50.0
93,8,50.0
93,9,50.0
93,10,50.0
93,11,50.0
93,12,50.0
93,13,50.0
93,14,50.0
93,15,50.0
93,16,50.0
93,17,50.0
93,18,50.0
93,19,50.0
93,20,83.92534531923347
93,21,50.0
93,22,50.0
93,23,50.0
93,24,50.0
93,25,50.0
93,26,50.0
93,27,50.0
93,28,50.0
93,29,50.0
93,30,50.0
94,1,50.0
94,2,50.0
94,3,50.0
94,4,50.0
94,5,50.0
94,6,50.0
94,7,50.0
94,8,50.0
94,9,50.0
94,10,50.0
94,11,50.0
94,12,50.0
94,13,50.0
94,14,50.0
94,15,50.0
94,16,50.0
94,17,50.0
94,18,50.0
94,19,50.0
94,20,50.0
94,21,50.0
94,22,50.0
94,23,50.0
94,24,50.0
94,25,50.0
94,26,50.0
94,27,50.0
94,28,50.0
94,29,50.0
94,30,50.0
95,1,50.0
95,2,50.0
95,3,50.0
95,4,50.0
95,5,50.0
95,6,50.0
95,7,50.0
95,8,50.0
95,9,50.0
95,10,50.0
95,11,50.0
95,12,50.0
95,13,50.0
95,14,50.0
95,15,50.0
95,16,50.0
95,17,50.0
95,18,50.0
95,19,50.0
95,20,50.0
95,21,50.0
95,22,50.0
95,23,50.0
95,24,50.0
95,25,50.0
95,26,50.0
95,27,50.0
95,28,50.0
95,29,50.0
95,30,50.0
96,1,50.0
96,2,50.0
96,3,50.0
96,4,50.0
96,5,50.0
96,6,50.0
96,7,50.0
96,8,50.0
96,9,50.0
96,10,50.0
96,11,50.0
96,12,50.0
96,13,50.0
96,14,50.0
96,15,50.0
96,16,50.0
96,17,50.0
96,18,50.0
96,19,50.0
96,20,50.0
96,21,50.0
96,22,50.0
96,23,50.0
96,24,50.0
96,25,50.0
96,26,51.92986722267684
96,27,50.0
96,28,50.0
96,29,50.0
96,30,50.0
97,1,50.0
97,2,50.0
97,3,50.0
97,4,50.0
97,5,50.0
97,6,50.0
97,7,50.0
97,8,50.0
97,9,50.0
97,10,50.0
97,11,50.0
97,12,50.0
97,13,50.0
97,14,50.0
97,15,50.0
97,16,50.0
97,17,50.0
97,18,50.0
97,19,50.0
97,20,50.0
97,21,50.0
97,22,50.0
97,23,50.0
97,24,50.0
97,25,50.0
97,26,50.0
97,27,50.0
97,28,50.0
97,29,50.0
97,30,50.0
98,1,50.0
98,2,50.0
98,3,50.0
98,4,50.0
98,5,50.0
98,6,50.0
98,7,50.0
98,8,50.0
98,9,50.0
98,10,50.0
98,11,50.0
98,12,50.0
98,13,50.0
98,14,50.0
98,15,50.0
98,16,50.0
98,17,50.0
98,18,50.0
98,19,50.0
98,20,50.0
98,21,50.0
98,22,50.0
98,23,50.0
98,24,50.0
98,25,50.0
98,26,50.0
98,27,50.0
98,28,50.0
98,29,50.0
98,30,50.0
99,1,50.0
99,2,50.0
99,3,50.0
99,4,50.0
99,5,50.0
99,6,50.0
99,7,50.0
99,8,50.0
99,9,50.0
99,10,50.0
99,11,50.0
99,12,50.154540607941236
99,13,50.0
99,14,50.0
99,15,50.0
99,16,50.0
99,17,50.0
99,18,50.0
99,19,50.0
99,20,50.0
99,21,50.0
99,22,50.0
99,23,50.0
99,24,50.0
99,25,50.0
99,26,50.0
99,27,50.0
99,28,50.0
99,29,50.0
99,30,50.0
100,1,50.0
100,2,50.0
100,3,50.0
100,4,50.0
100,5,50.0
100,6,50.0
100,7,50.0
100,8,50.0
100,9,50.0
100,10,50.0
100,11,50.0
100,12,50.0
100,13,50.0
100,14,50.0
100,15,50.0
100,16,50.0
100,17,50.0
100,18,50.0
100,19,50.0
100,20,50.0
100,21,50.0
100,22,50.0
100,23,50.0
100,24,50.0
100,25,50.0
100,26,50.0
100,27,50.0
100,28,50.0
100,29,50.0
100,30,50.0
101,1,50.0
101,2,50.0
101,3,50.0
101,4,50.0
101,5,50.0
101,6,50.0
101,7,50.0
101,8,50.0
101,9,50.0
101,10,50.0
101,11,50.0
101,12,50.0
101,13,50.0
101,14,50.0
101,15,50.0
101,16,50.0
101,17,50.0
101,18,50.0
101,19,50.0
101,20,50.0
101,21,50.0
101,22,50.0
101,23,50.0
101,24,50.0
101,25,50.0
101,26,50.0
101,27,50.0
101,28,50.0
101,29,50.0
101,30,50.0
102,1,50.0
102,2,50.0
102,3,50.0
102,4,50.0
102,5,50.0
102,6,50.0
102,7,50.0
102,8,50.0
102,9,50.0
102,10,50.0
102,11,50.0
102,12,50.0
102,13,50.0
102,14,50.0
102,15,50.0
102,16,50.0
102,17,50.0
102,18,50.0
102,19,50.0
102,20,50.0
102,21,50.0
102,22,50.0
102,23,50.0
102,24,50.0
102,25,50.0
102,26,50.0
102,27,50.0
102,28,50.0
102,29,50.0
102,30,50.0
103,1,50.0
103,2,50.0
103,3,56.411107233287694
103,4,50.0
103,5,50.0
103,6,50.0
103,7,50.0
103,8,50.0
103,9,50.0
103,10,50.0
103,11,50.0
103,12,50.0
103,13,50.0
103,14,50.0
103,15,50.0
103,16,50.0
103,17,50.0
103,18,50.0
103,19,50.0
103,20,50.0
103,21,50.0
103,22,50.0
103,23,50.0
103,24,50.0
103,25,50.0
103,26,50.0
103,27,50.0
103,28,50.0
103,29,50.0
103,30,50.0
104,1,50.0
104,2,50.0
104,3,50.0
104,4,50.0
104,5,50.0
104,6,50.0
104,7,50.0
104,8,50.0
104,9,50.0
104,10,50.0
104,11,50.0
104,12,50.0
104,13,50.0
104,14,50.0
104,15,50.0
104,16,50.0
104,17,50.0
104,18,50.0
104,19,50.0
104,20,50.0
104,21,50.0
104,22,50.0
104,23,50.0
104,24,50.94638402750003
104,25,50.0
104,26,50.0
104,27,50.0
104,28,50.0
104,29,50.0
104,30,50.0
105,1,50.0
105,2,50.0
105,3,50.0
105,4,50.0
105,5,50.0
105,6,50.0
105,7,50.0
105,8,50.0
105,9,50.0
105,10,50.0
105,11,50.0
105,12,50.0
105,13,50.0
105,14,50.0
105,15,50.0
105,16,50.0
105,17,50.0
105,18,50.0
105,19,50.0
105,20,50.0
105,21,50.0
105,22,50.0
105,23,50.0
105,24,50.0
105,25,50.0
105,26,50.0
105,27,50.0
105,28,50.0
105,29,50.0
105,30,50.0
106,1,50.0
106,2,50.0
106,3,50.0
106,4,62.86440560496795
106,5,50.0
106,6,50.0
106,7,50.0
106,8,50.0
106,9,50.0
106,10,50.0
106,11,50.0
106,12,50.0
106,13,50.0
106,14,50.0
106,15,50.0
106,16,50.0
106,17,50.0
106,18,50.0
106,19,50.0
106,20,50.0
106,21,50.0
106,22,50.0
106,23,50.0
106,24,50.0
106,25,50.0
106,26,50.0
106,27,50.0
106,28,50.0
106,29,50.0
106,30,50.0
107,1,50.0
107,2,50.0
107,3,50.0
107,4,50.0
107,5,55.44953520639892
107,6,50.0
107,7,50.0
107,8,50.0
107,9,50.0
107,10,50.0
107,11,50.0
107,12,60.12940865600183
107,13,50.0
107,14,50.0
107,15,50.0
107,16,50.0
107,17,50.0
107,18,50.0
107,19,50.0
107,20,50.0
107,21,50.0
107,22,50.0
107,23,50.0
107,24,50.0
107,25,50.0
107,26,50.0
107,27,50.0
107,28,50.0
107,29,50.0
107,30,50.0
108,1,50.0
108,2,50.0
108,3,50.0
108,4,50.0
108,5,50.0
108,6,50.0
108,7,50.0
108,8,50.0
108,9,50.0
108,10,50.0
108,11,50.0
108,12,50.0
108,13,50.0
108,14,50.0
108,15,50.0
108,16,50.0
108,17,50.0
108,18,50.0
108,19,50.0
108,20,50.0
108,21,50.0
108,22,50.0
108,23,50.0
108,24,50.0
108,25,50.0
108,26,50.0
108,27,50.0
108,28,50.0
108,29,51.87403524417317
108,30,50.0
109,1,50.0
109,2,50.0
109,3,50.0
109,4,50.0
109,5,50.0
109,6,50.0
109,7,50.0
109,8,50.0
109,9,50.0
109,10,50.0
109,11,50.0
109,12,50.0
109,13,50.0
109,14,50.0
109,15,50.0
109,16,50.0
109,17,50.0
109,18,50.0
109,19,50.0
109,20,50.0
109,21,50.0
109,22,50.0
109,23,50.0
109,24,50.0
109,25,50.0
109,26,50.0
109,27,50.0
109,28,50.0
109,29,50.0
109,30,50.0
110,1,50.0
110,2,50.0
110,3,50.0
110,4,50.0
110,5,50.0
110,6,50.0
110,7,50.0
110,8,50.0
110,9,50.0
110,10,50.0
110,11,65.955145510022
110,12,50.0
110,13,50.0
110,14,50.0
110,15,50.0
110,16,50.0
110,17,50.0
110,18,50.0
110,19,50.0
110,20,50.0
110,21,50.0
110,22,50.0
110,23,50.0
110,24,50.0
110,25,50.0
110,26,50.0
110,27,50.0
110,28,50.0
110,29,50.0
110,30,50.0
111,1,50.0
111,2,50.0
111,3,50.0
111,4,50.0
111,5,50.0
111,6,50.0
111,7,50.0
111,8,50.0
111,9,53.97972329832153
111,10,50.0
111,11,50.0
111,12,50.0
111,13,50.0
111,14,50.0
111,15,50.0
111,16,50.0
111,17,50.0
111,18,50.0
111,19,50.0
111,20,50.0
111,21,50.0
111,22,50.0
111,23,50.0
111,24,50.0
111,25,50.0
111,26,50.0
111,27,50.0
111,28,50.0
111,29,50.0
111,30,50.0
112,1,50.0
112,2,50.0
112,3,50.0
112,4,50.0
112,5,50.0
112,6,50.0
112,7,50.0
112,8,50.0
112,9,50.0
112,10,50.0
112,11,50.901303065264806
112,12,50.0
112,13,50.0
112,14,50.0
112,15,50.0
112,16,50.0
112,17,50.0
112,18,50.0
112,19,50.0
112,20,50.0
112,21,50.0
112,22,50.0
112,23,50.0
112,24,50.0
112,25,50.0
112,26,50.0
112,27,50.0
112,28,50.0
112,29,50.0
112,30,50.0
113,1,50.0
113,2,50.0
113,3,50.0
113,4,50.0
113,5,50.0
113,6,50.0
113,7,50.0
113,8,50.0
113,9,50.0
113,10,50.0
113,11,50.0
113,12,50.0
113,13,50.0
113,14,50.0
113,15,50.0
113,16,50.0
113,17,50.0
113,18,50.0
113,19,50.0
113,20,50.0
113,21,50.0
113,22,50.0
113,23,50.0
113,24,50.0
113,25,50.0
113,26,50.0
113,27,50.0
113,28,50.0
113,29,50.0
113,30,50.0
114,1,50.0
114,2,50.0
114,3,50.0
114,4,50.0
114,5,50.0
114,6,50.0
114,7,50.0
114,8,50.0
114,9,50.0
114,10,50.0
114,11,50.0
114,12,50.0
114,13,50.0
114,14,50.0
114,15,60.42553555697501
114,16,50.0
114,17,50.0
114,18,50.0
114,19,50.0
114,20,50.0
114,21,50.0
114,22,50.0
114,23,50.0
114,24,50.0
114,25,50.0
114,26,50.0
114,27,50.0
114,28,57.85748169085767
114,29,50.0
114,30,50.0
115,1,50.0
115,2,59.42212576085932
115,3,50.0
115,4,50.0
115,5,50.0
115,6,50.0
115,7,50.0
115,8,50.0
115,9,50.0
115,10,50.0
115,11,50.0
115,12,50.0
115,13,50.0
115,14,50.0
115,15,50.0
115,16,50.0
115,17,50.0
115,18,50.0
115,19,50.0
115,20,50.0
115,21,50.0
115,22,50.0
115,23,50.0
115,24,50.0
115,25,50.0
115,26,50.0
115,27,50.0
115,28,50.0
115,29,51.68642278951008
115,30,50.0
116,1,50.0
116,2,50.0
116,3,50.0
116,4,50.0
116,5,50.0
116,6,50.0
116,7,50.0
116,8,50.0
116,9,50.0
116,10,50.0
116,11,50.0
116,12,50.0
116,13,50.0
116,14,50.0
116,15,50.0
116,16,50.0
116,17,50.0
116,18,50.0
116,19,50.0
116,20,50.0
116,21,50.0
116,22,50.0
116,23,50.0
116,24,50.0
116,25,50.0
116,26,50.0
116,27,50.0
116,28,50.0
116,29,50.0
116,30,50.0
117,1,50.0
117,2,50.0
117,3,50.0
117,4,50.0
117,5,50.0
117,6,50.0
117,7,50.0
117,8,50.0
117,9,50.0
117,10,50.0
117,11,50.0
117,12,50.0
117,13,50.0
117,14,50.0
117,15,50.0
117,16,50.0
117,17,50.0
117,18,50.0
117,19,50.0
117,20,50.0
117,21,50.0
117,22,50.0
117,23,50.0
117,24,50.0
117,25,50.0
117,26,50.0
117,27,50.0
117,28,50.0
117,29,50.0
117,30,50.0
118,1,50.0
118,2,50.0
118,3,50.0
118,4,50.0
118,5,50.0
118,6,50.0
118,7,50.0
118,8,50.0
118,9,50.0
118,10,50.0
118,11,51.899074140936534
118,12,50.0
118,13,50.0
118,14,50.0
118,15,50.0
118,16,50.0
118,17,50.0
118,18,50.0
118,19,50.0
118,20,50.0
118,21,50.0
118,22,50.0
118,23,50.0
118,24,50.0
118,25,50.0
118,26,50.0
118,27,50.0
118,28,50.0
118,29,50.0
118,30,50.0
119,1,50.0
119,2,50.0
119,3,50.0
119,4,50.0
119,5,50.0
119,6,50.0
119,7,63.194778533164595
119,8,50.0
119,9,50.0
119,10,50.0
119,11,50.0
119,12,50.0
119,13,50.0
119,14,50.0
119,15,50.0
119,16,50.0
119,17,50.0
119,18,50.0
119,19,50.0
119,20,50.0
119,21,50.0
119,22,50.0
119,23,50.0
119,24,50.0
119,25,50.0
119,26,50.0
119,27,50.0
119,28,50.0
119,29,50.0
119,30,50.0
120,1,50.0
120,2,50.0
120,3,50.0
120,4,50.0
120,5,50.0
120,6,50.0
120,7,50.0
120,8,50.0
120,9,50.0
120,10,50.0
120,11,50.0
120,12,50.0
120,13,50.0
120,14,50.0
120,15,50.0
120,16,50.0
120,17,50.0
120,18,50.0
120,19,50.0
120,20,50.0
120,21,50.0
120,22,50.0
120,23,50.0
120,24,50.0
120,25,50.0
120,26,50.0
120,27,50.0
120,28,50.0
120,29,50.0
120,30,50.0
121,1,50.0
121,2,50.0
121,3,50.0
121,4,50.0
121,5,50.0
121,6,50.0
121,7,50.0
121,8,50.0
121,9,50.0
121,10,50.0
121,11,50.0
121,12,50.0
121,13,50.0
121,14,50.0
121,15,50.0
121,16,50.0
121,17,50.0
121,18,50.0
121,19,50.0
121,20,50.0
121,21,50.0
121,22,50.0
121,23,50.0
121,24,50.0
121,25,50.0
121,26,50.0
121,27,50.0
121,28,50.0
121,29,50.0
121,30,50.0
122,1,50.0
122,2,50.0
122,3,50.0
122,4,50.0
122,5,50.0
122,6,50.0
122,7,50.0
122,8,50.0
122,9,50.0
122,10,50.0
122,11,50.0
122,12,50.0
122,13,50.0
122,14,50.0
122,15,50.0
122,16,50.0
122,17,50.0
122,18,50.0
122,19,50.0
122,20,50.0
122,21,50.0
122,22,50.0
122,23,50.0
122,24,50.0
122,25,50.0
122,26,50.0
122,27,50.0
122,28,50.0
122,29,50.0
122,30,50.0
123,1,50.0
123,2,50.0
123,3,50.0
123,4,50.0
123,5,50.0
123,6,50.0
123,7,50.0
123,8,50.0
123,9,50.0
123,10,50.0
123,11,50.0
123,12,50.0
123,13,50.0
123,14,50.0
123,15,50.0
123,16,50.0
123,17,50.0
123,18,50.0
123,19,50.0
123,20,50.0
123,21,50.0
123,22,50.0
123,23,50.0
123,24,50.0
123,25,50.0
123,26,50.0
123,27,50.0
123,28,50.0
123,29,50.0
123,30,50.0
124,1,50.0
124,2,50.0
124,3,50.0
124,4,50.0
124,5,50.0
124,6,50.0
124,7,50.0
124,8,50.0
124,9,50.0
124,10,50.0
124,11,50.0
124,12,50.0
124,13,50.0
124,14,50.0
124,15,50.0
124,16,50.0
124,17,50.0
124,18,50.0
124,19,50.0
124,20,50.0
124,21,50.0
124,22,50.0
124,23,50.0
124,24,50.0
124,25,50.0
124,26,50.0
124,27,50.0
124,28,50.0
124,29,50.0
124,30,50.0
125,1,50.0
125,2,50.0
125,3,50.0
125,4,50.0
125,5,50.0
125,6,50.0
125,7,50.0
125,8,50.0
125,9,50.0
125,10,50.0
125,11,50.0
125,12,50.0
125,13,50.0
125,14,50.0
125,15,50.0
125,16,50.0
125,17,50.0
125,18,50.0
125,19,50.0
125,20,50.0
125,21,50.0
125,22,50.0
125,23,50.0
125,24,50.0
125,25,50.0
125,26,50.0
125,27,50.0
125,28,50.0
125,29,50.0
125,30,50.0
126,1,50.0
126,2,50.0
126,3,50.0
126,4,50.0
126,5,50.0
126,6,50.0
126,7,50.0
126,8,50.0
126,9,50.0
126,10,50.0
126,11,50.0
126,12,50.0
126,13,50.0
126,14,50.0
126,15,50.0
126,16,50.0
126,17,50.0
126,18,50.0
126,19,50.0
126,20,50.0
126,21,50.0
126,22,50.0
126,23,50.0
126,24,50.0
126,25,50.0
126,26,50.0
126,27,50.0
126,28,50.0
126,29,50.0
126,30,50.0
127,1,50.0
127,2,50.0
127,3,50.0
127,4,50.0
127,5,50.0
127,6,50.0
127,7,50.0
127,8,50.0
127,9,50.0
127,10,50.0
127,11,50.0
127,12,50.0
127,13,50.0
127,14,50.0
127,15,50.0
127,16,50.0
127,17,50.0
127,18,50.0
127,19,50.0
127,20,50.0
127,21,50.0
127,22,50.0
127,23,50.0
127,24,50.0
127,25,50.0
127,26,50.0
127,27,50.0
127,28,50.0
127,29,53.149199354635535
127,30,50.0
128,1,50.0
128,2,50.0
128,3,50.0
128,4,50.0
128,5,50.0
128,6,50.0
128,7,50.0
128,8,50.0
128,9,50.0
128,10,50.0
128,11,50.0
128,12,50.0
128,13,56.664268741295196
128,14,50.0
128,15,50.0
128,16,50.0
128,17,50.0
128,18,50.0
128,19,50.0
128,20,50.0
128,21,50.0
128,22,50.0
128,23,50.0
128,24,50.0
128,25,50.0
128,26,56.99777037226437
128,27,50.0
128,28,50.0
128,29,50.0
128,30,50.0
129,1,51.52065987010283
129,2,50.0
129,3,50.0
129,4,50.0
129,5,50.0
129,6,50.0
129,7,50.0
129,8,50.0
129,9,50.0
129,10,50.0
129,11,50.0
129,12,50.0
129,13,50.0
129,14,50.0
129,15,50.0
129,16,50.0
129,17,50.0
129,18,50.0
129,19,50.0
129,20,50.0
129,21,50.0
129,22,50.0
129,23,50.0
129,24,50.0
129,25,50.0
129,26,50.0
129,27,50.0
129,28,50.0
129,29,50.0
129,30,50.0
130,1,50.0
130,2,50.0
130,3,50.0
130,4,50.0
130,5,50.0
130,6,50.0
130,7,50.0
130,8,50.0
130,9,50.0
130,10,50.0
130,11,50.0
130,12,50.0
130,13,50.0
130,14,50.0
130,15,50.0
130,16,52.186783158234675
130,17,50.0
130,18,50.0
130,19,50.0
130,20,50.0
130,21,50.0
130,22,50.0
130,23,50.0
130,24,53.301705561171964
130,25,50.0
130,26,50.0
130,27,50.0
130,28,50.0
130,29,50.0
130,30,50.0
131,1,50.0
131,2,50.0
131,3,50.0
131,4,50.0
131,5,50.0
131,6,50.0
131,7,50.0
131,8,50.0
131,9,50.0
131,10,50.0
131,11,50.0
131,12,50.0
131,13,50.0
131,14,50.0
131,15,50.0
131,16,50.0
131,17,50.0
131,18,50.0
131,19,50.0
131,20,50.0
131,21,50.0
131,22,50.0
131,23,50.0
131,24,50.0
131,25,50.0
131,26,50.0
131,27,50.0
131,28,50.0
131,29,50.0
131,30,50.0
132,1,50.0
132,2,50.0
132,3,50.0
132,4,50.0
132,5,50.0
132,6,50.0
132,7,50.0
132,8,50.0
132,9,50.0
132,10,50.0
132,11,50.0
132,12,50.0
132,13,50.0
132,14,50.0
132,15,50.0
132,16,50.0
132,17,50.0
132,18,50.0
132,19,50.0
132,20,50.0
132,21,50.0
132,22,50.0
132,23,50.0
132,24,50.0
132,25,50.0
132,26,50.0
132,27,50.0
132,28,50.0
132,29,50.0
132,30,50.0
133,1,50.0
133,2,50.0
133,3,50.0
133,4,50.0
133,5,50.0
133,6,50.0
133,7,50.0
133,8,50.0
133,9,50.0
133,10,50.0
133,11,50.0
133,12,50.0
133,13,50.0
133,14,50.0
133,15,50.0
133,16,50.0
133,17,50.0
133,18,50.0
133,19,50.0
133,20,50.0
133,21,50.0
133,22,50.0
133,23,50.0
133,24,50.0
133,25,50.0
133,26,50.803969162573246
133,27,50.0
133,28,50.0
133,29,50.0
133,30,50.0
134,1,50.0
134,2,50.0
134,3,50.0
134,4,50.0
134,5,50.0
134,6,50.0
134,7,50.0
134,8,50.0
134,9,50.0
134,10,50.0
134,11,50.0
134,12,50.0
134,13,50.0
134,14,50.0
134,15,50.0
134,16,50.0
134,17,50.0
134,18,50.0
134,19,50.0
134,20,50.0
134,21,50.0
134,22,50.0
134,23,50.0
134,24,50.0
134,25,50.0
134,26,50.0
134,27,50.0
134,28,50.0
134,29,50.0
134,30,50.0
135,1,50.0
135,2,50.0
135,3,50.0
135,4,50.0
135,5,50.0
135,6,50.0
135,7,50.0
135,8,50.0
135,9,50.0
135,10,50.0
135,11,50.0
135,12,50.0
135,13,50.0
135,14,50.0
135,15,50.0
135,16,50.0
135,17,59.78199660441558
135,18,50.0
135,19,50.0
135,20,50.0
135,21,50.0
135,22,50.0
135,23,50.0
135,24,50.0
135,25,50.0
135,26,50.0
135,27,50.0
135,28,50.0
135,29,50.0
135,30,50.0
136,1,50.0
136,2,50.0
136,3,50.0
136,4,50.0
136,5,50.0
136,6,50.0
136,7,50.0
136,8,50.0
136,9,50.0
136,10,50.0
136,11,50.0
136,12,50.0
136,13,50.0
136,14,50.0
136,15,50.0
136,16,50.0
136,17,50.0
136,18,50.0
136,19,50.0
136,20,50.0
136,21,50.0
136,22,50.0
136,23,50.0
136,24,53.39692928883742
136,25,50.0
136,26,50.0
136,27,58.017735096688114
136,28,50.0
136,29,50.0
136,30,50.0
137,1,50.0
137,2,50.0
137,3,50.0
137,4,50.0
137,5,50.0
137,6,50.0
137,7,50.0
137,8,50.0
137,9,50.0
137,10,50.0
137,11,50.0
137,12,50.0
137,13,50.0
137,14,50.0
137,15,50.0
137,16,50.0
137,17,50.0
137,18,50.0
137,19,50.0
137,20,55.874164174270746
137,21,50.0
137,22,50.0
137,23,50.0
137,24,50.0
137,25,50.0
137,26,50.0
137,27,50.0
137,28,50.0
137,29,50.0
137,30,50.0
138,1,50.0
138,2,50.0
138,3,50.0
138,4,50.0
138,5,50.0
138,6,50.0
138,7,50.0
138,8,50.0
138,9,50.0
138,10,50.0
138,11,50.0
138,12,50.0
138,13,50.0
138,14,50.0
138,15,50.0
138,16,50.0
138,17,50.0
138,18,50.0
138,19,50.0
138,20,50.0
138,21,50.0
138,22,50.0
138,23,50.0
138,24,50.0
138,25,50.0
138,26,50.0
138,27,50.0
138,28,50.0
138,29,50.0
138,30,50.0
139,1,50.0
139,2,50.0
139,3,50.0
139,4,50.0
139,5,50.0
139,6,50.0
139,7,50.0
139,8,50.0
139,9,50.0
139,10,50.0
139,11,50.0
139,12,50.0
139,13,50.0
139,14,50.0
139,15,50.0
139,16,50.0
139,17,50.0
139,18,50.0
139,19,50.0
139,20,50.0
139,21,50.0
139,22,50.0
139,23,50.0
139,24,50.0
139,25,50.0
139,26,50.0
139,27,50.0
139,28,50.0
139,29,50.0
139,30,50.0
140,1,50.0
140,2,50.0
140,3,50.0
140,4,50.0
140,5,50.0
140,6,50.0
140,7,50.0
140,8,50.0
140,9,50.0
140,10,50.0
140,11,50.0
140,12,50.0
140,13,50.0
140,14,50.0
140,15,50.0
140,16,50.0
140,17,50.0
140,18,50.0
140,19,50.0
140,20,50.0
140,21,50.0
140,22,50.66313693734339
140,23,50.0
140,24,50.0
140,25,50.0
140,26,50.0
140,27,50.0
140,28,50.0
140,29,50.0
140,30,50.0
141,1,50.0
141,2,50.0
141,3,50.0
141,4,50.0
141,5,50.0
141,6,50.0
141,7,50.0
141,8,50.0
141,9,50.0
141,10,50.0
141,11,50.0
141,12,56.2362441134027
141,13,50.0
141,14,50.0
141,15,50.0
141,16,50.0
141,17,50.0
141,18,50.0
141,19,50.0
141,20,50.0
141,21,50.0
141,22,50.0
141,23,50.0
141,24,55.11885038931168
141,25,50.0
141,26,50.0
141,27,50.0
141,28,50.0
141,29,50.0
141,30,50.0
142,1,50.0
142,2,50.0
142,3,50.0
142,4,50.0
142,5,50.0
142,6,50.0
142,7,50.0
142,8,50.0
142,9,50.0
142,10,50.0
142,11,50.0
142,12,50.0
142,13,50.0
142,14,50.0
142,15,50.0
142,16,50.0
142,17,50.0
142,18,50.0
142,19,50.0
142,20,50.0
142,21,50.0
142,22,50.0
142,23,50.0
142,24,50.0
142,25,50.0
142,26,50.0
142,27,50.0
142,28,50.0
142,29,50.0
142,30,50.0
143,1,50.0
143,2,50.0
143,3,50.0
143,4,50.0
143,5,50.0
143,6,50.0
143,7,50.0
143,8,50.0
143,9,50.0
143,10,50.0
143,11,50.0
143,12,50.0
143,13,50.0
143,14,50.0
143,15,50.0
143,16,50.0
143,17,50.0
143,18,50.0
143,19,50.0
143,20,50.0
143,21,50.0
143,22,50.0
143,23,50.0
143,24,50.0
143,25,50.0
143,26,50.0
143,27,50.0
143,28,50.0
143,29,50.0
143,30,50.0
144,1,50.0
144,2,50.0
144,3,50.0
144,4,50.0
144,5,50.0
144,6,50.0
144,7,50.0
144,8,50.0
144,9,50.0
144,10,50.0
144,11,50.0
144,12,50.0
144,13,50.0
144,14,50.0
144,15,50.0
144,16,50.0
144,17,50.0
144,18,50.0
144,19,50.0
144,20,50.0
144,21,50.0
144,22,50.0
144,23,50.0
144,24,50.0
144,25,50.0
144,26,50.0
144,27,50.0
144,28,50.0
144,29,50.0
144,30,50.0
145,1,50.0
145,2,50.0
145,3,50.0
145,4,50.0
145,5,50.0
145,6,50.0
145,7,50.0
145,8,50.0
145,9,50.0
145,10,50.0
145,11,50.0
145,12,50.0
145,13,50.0
145,14,50.0
145,15,50.0
145,16,50.0
145,17,50.0
145,18,50.0
145,19,50.0
145,20,50.0
145,21,50.0
145,22,50.0
145,23,50.0
145,24,50.0
145,25,50.0
145,26,50.0
145,27,50.0
145,28,50.0
145,29,50.0
145,30,50.0
146,1,50.0
146,2,50.0
146,3,50.0
146,4,50.0
146,5,50.0
146,6,50.0
146,7,50.0
146,8,50.0
146,9,50.0
146,10,50.0
146,11,50.0
146,12,50.0
146,13,50.0
146,14,50.0
146,15,50.0
146,16,50.0
146,17,53.41437240996375
146,18,50.0
146,19,50.0
146,20,50.0
146,21,50.0
146,22,50.0
146,23,50.0
146,24,50.0
146,25,50.0
146,26,50.0
146,27,50.0
146,28,50.0
146,29,50.0
146,30,50.0
147,1,50.0
147,2,50.0
147,3,50.0
147,4,51.71089452725495
147,5,50.0
147,6,50.0
147,7,50.0
147,8,50.0
147,9,50.0
147,10,50.0
147,11,50.0
147,12,50.0
147,13,50.0
147,14,50.0
147,15,50.0
147,16,50.0
147,17,50.0
147,18,50.0
147,19,50.0
147,20,50.0
147,21,50.0
147,22,50.0
147,23,50.0
147,24,50.0
147,25,50.0
147,26,50.0
147,27,50.0
147,28,50.0
147,29,50.0
147,30,50.0
148,1,50.0
148,2,50.0
148,3,50.0
148,4,50.0
148,5,50.0
148,6,50.0
148,7,50.0
148,8,50.0
148,9,50.0
148,10,50.0
148,11,50.0
148,12,50.0
148,13,50.0
148,14,50.0
148,15,50.0
148,16,50.0
148,17,50.0
148,18,50.0
148,19,50.0
148,20,50.0
148,21,50.0
148,22,50.0
148,23,50.1762319536075
148,24,50.0
148,25,50.0
148,26,50.0
148,27,50.0
148,28,50.0
148,29,50.0
148,30,50.0
149,1,50.0
149,2,50.0
149,3,50.0
149,4,50.0
149,5,50.0
149,6,50.0
149,7,50.0
149,8,50.0
149,9,50.0
149,10,50.0
149,11,50.0
149,12,50.0
149,13,50.0
149,14,50.0
149,15,50.0
149,16,50.0
149,17,50.0
149,18,50.0
149,19,50.0
149,20,50.0
149,21,50.0
149,22,50.0
149,23,50.0
149,24,50.0
149,25,50.0
149,26,50.0
149,27,50.0
149,28,50.0
149,29,50.0
149,30,50.0
150,1,50.0
150,2,50.0
150,3,50.0
150,4,50.0
150,5,50.0
150,6,50.0
150,7,50.0
150,8,50.0
150,9,50.0
150,10,52.09630654751278
150,11,50.0
150,12,50.0
150,13,50.0
150,14,50.0
150,15,50.0
150,16,50.0
150,17,68.50926623736945
150,18,50.0
150,19,50.0
150,20,50.0
150,21,50.0
150,22,65.89492517722924
150,23,50.0
150,24,50.0
150,25,50.0
150,26,50.0
150,27,50.0
150,28,50.0
150,29,57.442312368912546
150,30,50.0
151,1,50.0
151,2,50.0
151,3,50.0
151,4,50.0
151,5,50.0
151,6,50.0
151,7,50.0
151,8,50.0
151,9,50.0
151,10,50.0
151,11,50.0
151,12,50.0
151,13,50.0
151,14,50.0
151,15,50.0
151,16,50.0
151,17,50.0
151,18,50.0
151,19,50.0
151,20,50.0
151,21,50.0
151,22,50.0
151,23,50.0
151,24,50.0
151,25,50.0
151,26,50.0
151,27,50.0
151,28,50.0
151,29,50.0
151,30,50.0
152,1,50.0
152,2,50.0
152,3,50.0
152,4,50.0
152,5,50.0
152,6,50.0
152,7,50.0
152,8,50.0
152,9,50.0
152,10,50.0
152,11,50.0
152,12,50.0
152,13,50.0
152,14,50.0
152,15,50.0
152,16,50.0
152,17,50.0
152,18,50.0
152,19,50.0
152,20,50.0
152,21,50.0
152,22,50.0
152,23,50.0
152,24,50.0
152,25,50.0
152,26,50.0
152,27,50.0
152,28,50.0
152,29,50.0
152,30,50.0
153,1,50.0
153,2,50.0
153,3,50.0
153,4,50.0
153,5,50.0
153,6,50.0
153,7,50.0
153,8,50.0
153,9,50.0
153,10,50.0
153,11,50.0
153,12,50.0
153,13,50.0
153,14,50.0
153,15,50.0
153,16,50.0
153,17,50.0
153,18,50.0
153,19,50.0
153,20,50.0
153,21,50.0
153,22,50.0
153,23,50.0
153,24,50.0
153,25,50.0
153,26,50.0
153,27,50.0
153,28,50.0
153,29,50.0
153,30,50.0
154,1,50.0
154,2,50.0
154,3,50.0
154,4,50.0
154,5,50.0
154,6,50.0
154,7,50.0
154,8,50.0
154,9,50.0
154,10,50.0
154,11,50.0
154,12,50.0
154,13,50.0
154,14,50.0
154,15,50.0
154,16,50.0
154,17,50.0
154,18,50.0
154,19,50.0
154,20,50.0
154,21,50.0
154,22,50.0
154,23,50.0
154,24,50.0
154,25,50.0
154,26,50.0
154,27,50.0
154,28,50.0
154,29,50.0
154,30,50.0
155,1,50.0
155,2,50.0
155,3,50.0
155,4,50.0
155,5,50.0
155,6,50.0
155,7,65.03418197897892
155,8,50.0
155,9,50.0
155,10,50.0
155,11,50.0
155,12,50.0
155,13,50.0
155,14,50.0
155,15,50.0
155,16,50.0
155,17,50.0
155,18,50.0
155,19,50.0
155,20,50.0
155,21,50.0
155,22,50.0
155,23,50.0
155,24,50.0
155,25,50.0
155,26,50.0
155,27,50.0
155,28,50.0
155,29,50.0
155,30,50.0
156,1,50.0
156,2,50.0
156,3,50.0
156,4,50.0
156,5,50.0
156,6,50.0
156,7,50.0
156,8,50.0
156,9,50.0
156,10,50.0
156,11,50.0
156,12,50.0
156,13,50.0
156,14,50.0
156,15,50.0
156,16,50.0
156,17,50.0
156,18,50.0
156,19,50.0
156,20,50.0
156,21,50.0
156,22,50.0
156,23,50.0
156,24,50.0
156,25,50.0
156,26,50.0
156,27,50.0
156,28,50.0
156,29,50.0
156,30,50.0
157,1,50.0
157,2,50.0
157,3,50.0
157,4,50.0
157,5,50.0
157,6,50.0
157,7,50.0
157,8,50.0
157,9,50.0
157,10,56.75503043990927
157,11,50.0
157,12,50.0
157,13,50.0
157,14,52.64791732180732
157,15,50.0
157,16,50.0
157,17,50.0
157,18,50.0
157,19,50.0
157,20,50.0
157,21,50.0
157,22,50.0
157,23,50.0
157,24,50.0
157,25,50.0
157,26,50.0
157,27,50.0
157,28,50.0
157,29,67.3120436691649
157,30,50.0
158,1,50.0
158,2,50.0
158,3,50.0
158,4,50.0
158,5,50.0
158,6,50.0
158,7,50.0
158,8,50.0
158,9,50.0
158,10,50.0
158,11,50.0
158,12,50.0
158,13,50.0
158,14,50.0
158,15,50.0
158,16,50.0
158,17,50.0
158,18,50.0
158,19,50.0
158,20,50.0
158,21,50.0
158,22,50.0
158,23,50.0
158,24,50.0
158,25,50.0
158,26,50.0
158,27,50.0
158,28,50.0
158,29,50.0
158,30,50.0
159,1,50.0
159,2,50.0
159,3,50.0
159,4,50.0
159,5,50.0
159,6,50.0
159,7,50.0
159,8,50.0
159,9,50.0
159,10,50.0
159,11,50.0
159,12,50.0
159,13,50.0
159,14,50.0
159,15,50.0
159,16,50.0
159,17,50.0
159,18,50.0
159,19,50.0
159,20,50.0
159,21,50.0
159,22,50.0
159,23,50.0
159,24,50.0
159,25,50.0
159,26,50.0
159,27,50.0
159,28,50.0
159,29,50.0
159,30,50.0
160,1,50.0
160,2,50.0
160,3,50.0
160,4,50.0
160,5,50.0
160,6,50.0
160,7,55.101841750523604
160,8,50.0
160,9,50.0
160,10,50.0
160,11,50.0
160,12,50.0
160,13,50.0
160,14,50.0
160,15,50.0
160,16,50.0
160,17,50.0
160,18,50.0
160,19,50.0
160,20,50.0
160,21,56.31170470045774
160,22,50.0
160,23,50.0
160,24,50.0
160,25,50.0
160,26,50.0
160,27,50.0
160,28,50.0
160,29,50.0
160,30,50.0
161,1,50.0
161,2,50.0
161,3,50.0
161,4,50.0
161,5,50.0
161,6,50.0
161,7,50.0
161,8,50.0
161,9,50.0
161,10,50.0
161,11,50.0
161,12,50.0
161,13,50.0
161,14,50.0
161,15,50.0
161,16,50.0
161,17,50.0
161,18,50.0
161,19,50.0
161,20,50.0
161,21,50.0
161,22,50.0
161,23,50.0
161,24,50.0
161,25,50.0
161,26,50.0
161,27,50.0
161,28,50.0
161,29,50.0
161,30,50.0
162,1,50.0
162,2,50.0
162,3,50.0
162,4,50.0
162,5,72.52957991935509
162,6,50.0
162,7,50.0
162,8,50.0
162,9,50.0
162,10,50.0
162,11,50.0
162,12,50.0
162,13,50.0
162,14,50.0
162,15,50.0
162,16,50.0
162,17,50.0
162,18,50.0
162,19,50.0
162,20,50.0
162,21,50.0
162,22,50.0
162,23,50.0
162,24,50.0
162,25,50.0
162,26,50.0
162,27,50.0
162,28,50.0
162,29,50.0
162,30,50.0
163,1,50.0
163,2,51.5358603316091
163,3,50.0
163,4,50.0
163,5,50.0
163,6,50.0
163,7,50.0
163,8,50.0
163,9,56.23403208198057
163,10,50.0
163,11,50.0
163,12,50.0
163,13,50.0
163,14,50.0
163,15,50.0
163,16,50.0
163,17,50.0
163,18,50.0
163,19,50.0
163,20,58.5795401325635
163,21,54.39420002163673
163,22,50.0
163,23,50.0
163,24,50.0
163,25,50.0
163,26,50.0
163,27,50.0
163,28,50.0
163,29,50.0
163,30,50.0
164,1,50.0
164,2,50.0
164,3,50.0
164,4,50.0
164,5,50.0
164,6,50.0
164,7,50.0
164,8,50.0
164,9,50.0
164,10,50.0
164,11,50.0
164,12,50.0
164,13,50.0
164,14,50.0
164,15,50.0
164,16,50.0
164,17,50.0
164,18,50.0
164,19,50.0
164,20,50.0
164,21,50.0
164,22,50.0
164,23,50.0
164,24,50.0
164,25,50.0
164,26,50.0
164,27,50.0
164,28,50.0
164,29,50.0
164,30,50.0
165,1,50.0
165,2,50.0
165,3,50.0
165,4,50.0
165,5,50.0
165,6,50.0
165,7,50.0
165,8,50.0
165,9,50.0
165,10,60.90625540612434
165,11,50.0
165,12,50.0
165,13,50.0
165,14,50.0
165,15,50.0
165,16,50.0
165,17,50.0
165,18,50.0
165,19,50.0
165,20,50.0
165,21,50.0
165,22,50.0
165,23,50.0
165,24,50.0
165,25,50.0
165,26,50.0
165,27,50.0
165,28,50.0
165,29,50.0
165,30,50.0
166,1,50.0
166,2,50.0
166,3,50.0
166,4,50.0
166,5,56.953897951484585
166,6,50.0
166,7,50.0
166,8,50.0
166,9,50.0
166,10,50.0
166,11,50.0
166,12,50.0
166,13,50.0
166,14,50.0
166,15,50.0
166,16,50.0
166,17,50.0
166,18,50.0
166,19,50.0
166,20,50.0
166,21,50.0
166,22,50.0
166,23,50.0
166,24,50.0
166,25,50.0
166,26,50.0
166,27,50.0
166,28,50.0
166,29,50.0
166,30,50.0
167,1,50.0
167,2,50.0
167,3,50.0
167,4,50.0
167,5,50.0
167,6,50.0
167,7,50.0
167,8,50.0
167,9,50.0
167,10,50.0
167,11,50.0
167,12,50.0
167,13,57.78813665035413
167,14,50.0
167,15,50.0
167,16,50.0
167,17,50.0
167,18,50.0
167,19,50.0
167,20,70.63509919860324
167,21,50.0
167,22,50.0
167,23,50.0
167,24,50.0
167,25,50.0
167,26,50.0
167,27,50.0
167,28,50.0
167,29,50.0
167,30,50.0
168,1,50.0
168,2,50.0
168,3,50.0
168,4,50.0
168,5,50.0
168,6,50.0
168,7,50.0
168,8,50.0
168,9,50.0
168,10,50.0
168,11,50.0
168,12,50.0
168,13,50.0
168,14,50.0
168,15,50.0
168,16,50.0
168,17,50.0
168,18,50.0
168,19,50.0
168,20,50.0
168,21,50.0
168,22,50.0
168,23,50.0
168,24,50.0
168,25,50.0
168,26,50.0
168,27,50.0
168,28,50.0
168,29,50.0
168,30,50.0
169,1,58.45015901314847
169,2,50.0
169,3,50.0
169,4,50.0
169,5,50.0
169,6,50.0
169,7,50.0
169,8,50.0
169,9,50.0
169,10,50.0
169,11,50.0
169,12,50.0
169,13,50.0
169,14,50.0
169,15,50.0
169,16,50.0
169,17,50.0
169,18,50.0
169,19,50.0
169,20,50.0
169,21,69.52904642505311
169,22,50.0
169,23,50.0
169,24,50.0
169,25,50.0
169,26,50.0
169,27,50.0
169,28,50.0
169,29,50.0
169,30,50.0
170,1,55.905465154473845
170,2,50.0
170,3,50.0
170,4,50.0
170,5,50.0
170,6,50.0
170,7,50.0
170,8,50.0
170,9,50.0
170,10,50.0
170,11,50.0
170,12,50.0
170,13,50.0
170,14,50.0
170,15,50.0
170,16,50.0
170,17,50.0
170,18,50.0
170,19,50.0
170,20,50.0
170,21,50.0
170,22,50.0
170,23,50.0
170,24,50.0
170,25,50.0
170,26,50.0
170,27,50.0
170,28,50.0
170,29,50.0
170,30,50.0
171,1,50.0
171,2,50.0
171,3,50.0
171,4,50.0
171,5,50.0
171,6,50.0
171,7,50.0
171,8,64.32607169963767
171,9,50.0
171,10,50.0
171,11,50.0
171,12,50.0
171,13,50.0
171,14,50.0
171,15,50.0
171,16,50.0
171,17,50.0
171,18,50.0
171,19,50.0
171,20,50.0
171,21,50.0
171,22,50.0
171,23,50.0
171,24,50.0
171,25,50.0
171,26,50.0
171,27,50.0
171,28,50.0
171,29,50.0
171,30,50.0
172,1,50.0
172,2,50.0
172,3,50.0
172,4,50.0
172,5,50.0
172,6,50.0
172,7,50.0
172,8,50.0
172,9,50.0
172,10,50.0
172,11,50.0
172,12,50.0
172,13,50.0
172,14,50.0
172,15,50.0
172,16,50.0
172,17,50.0
172,18,50.0
172,19,50.0
172,20,50.0
172,21,50.0
172,22,50.0
172,23,50.0
172,24,50.0
172,25,50.0
172,26,50.0
172,27,50.0
172,28,50.0
172,29,50.0
172,30,50.0
173,1,50.0
173,2,50.0
173,3,50.0
173,4,50.0
173,5,50.0
173,6,50.0
173,7,50.0
173,8,50.0
173,9,50.0
173,10,50.0
173,11,50.0
173,12,50.0
173,13,50.0
173,14,50.0
173,15,50.0
173,16,50.0
173,17,50.0
173,18,50.0
173,19,50.0
173,20,50.0
173,21,50.0
173,22,50.0
173,23,50.0
173,24,50.0
173,25,50.0
173,26,50.0
173,27,50.0
173,28,50.0
173,29,50.0
173,30,50.0
174,1,50.0
174,2,50.0
174,3,50.0
174,4,50.0
174,5,50.0
174,6,50.0
174,7,50.0
174,8,50.0
174,9,50.0
174,10,50.0
174,11,50.0
174,12,50.0
174,13,50.0
174,14,50.0
174,15,50.0
174,16,50.0
174,17,50.0
174,18,50.0
174,19,50.0
174,20,50.0
174,21,50.0
174,22,50.0
174,23,50.0
174,24,50.0
174,25,50.0
174,26,50.0
174,27,50.0
174,28,50.0
174,29,50.0
174,30,50.0
175,1,50.0
175,2,50.0
175,3,50.0
175,4,50.0
175,5,50.0
175,6,50.0
175,7,50.0
175,8,50.0
175,9,50.0
175,10,50.0
175,11,50.0
175,12,50.0
175,13,50.0
175,14,50.0
175,15,50.0
175,16,50.0
175,17,50.0
175,18,50.0
175,19,50.0
175,20,50.0
175,21,50.0
175,22,50.0
175,23,50.0
175,24,50.0
175,25,50.0
175,26,50.0
175,27,50.0
175,28,50.0
175,29,50.0
175,30,50.0
176,1,50.0
176,2,50.0
176,3,50.0
176,4,50.0
176,5,50.0
176,6,50.0
176,7,50.0
176,8,50.0
176,9,50.0
176,10,50.0
176,11,50.0
176,12,50.0
176,13,50.0
176,14,50.0
176,15,50.0
176,16,50.0
176,17,50.0
176,18,50.0
176,19,50.0
176,20,50.0
176,21,50.0
176,22,50.0
176,23,54.41675242360456
176,24,50.0
176,25,50.0
176,26,50.0
176,27,50.0
176,28,50.0
176,29,50.0
176,30,50.0
177,1,50.0
177,2,50.0
177,3,50.0
177,4,50.0
177,5,50.0
177,6,50.0
177,7,50.0
177,8,50.0
177,9,50.0
177,10,50.0
177,11,50.0
177,12,50.0
177,13,50.0
177,14,50.0
177,15,50.0
177,16,50.0
177,17,50.0
177,18,50.0
177,19,50.0
177,20,50.0
177,21,50.0
177,22,50.0
177,23,50.0
177,24,50.0
177,25,50.0
177,26,50.0
177,27,50.0
177,28,50.0
177,29,50.0
177,30,50.0
178,1,50.0
178,2,50.0
178,3,50.0
178,4,50.0
178,5,50.0
178,6,50.0
178,7,50.0
178,8,50.0
178,9,50.0
178,10,50.0
178,11,50.0
178,12,50.0
178,13,50.0
178,14,50.0
178,15,50.0
178,16,50.0
178,17,50.0
178,18,50.0
178,19,50.0
178,20,50.0
178,21,50.0
178,22,50.0
178,23,50.0
178,24,50.0
178,25,50.0
178,26,50.0
178,27,50.0
178,28,50.0
178,29,50.0
178,30,50.0
179,1,50.0
179,2,50.0
179,3,50.0
179,4,50.0
179,5,50.0
179,6,50.0
179,7,50.0
179,8,50.0
179,9,50.0
179,10,50.0
179,11,50.0
179,12,50.0
179,13,50.0
179,14,50.0
179,15,50.0
179,16,50.0
179,17,50.0
179,18,62.68569352206899
179,19,50.0
179,20,50.0
179,21,50.0
179,22,50.0
179,23,50.0
179,24,50.0
179,25,50.0
179,26,50.0
179,27,50.0
179,28,50.0
179,29,53.38515426701921
179,30,50.0
180,1,50.0
180,2,50.0
180,3,50.0
180,4,50.0
180,5,50.0
180,6,50.0
180,7,50.0
180,8,50.0
180,9,50.0
180,10,50.0
180,11,50.0
180,12,50.0
180,13,50.0
180,14,50.0
180,15,53.2012661594123
180,16,50.0
180,17,50.0
180,18,50.0
180,19,50.0
180,20,50.0
180,21,50.0
180,22,50.0
180,23,50.0
180,24,50.0
180,25,52.35443586650874
180,26,50.0
180,27,50.0
180,28,50.0
180,29,50.0
180,30,50.0
181,1,50.0
181,2,50.0
181,3,50.0
181,4,50.0
181,5,50.0
181,6,50.0
181,7,50.0
181,8,50.0
181,9,50.0
181,10,50.0
181,11,50.0
181,12,50.0
181,13,50.0
181,14,50.0
181,15,50.0
181,16,50.0
181,17,50.0
181,18,50.0
181,19,50.0
181,20,50.0
181,21,50.0
181,22,50.0
181,23,50.0
181,24,50.0
181,25,50.0
181,26,50.0
181,27,50.0
181,28,50.0
181,29,50.0
181,30,50.0
182,1,50.0
182,2,50.0
182,3,50.0
182,4,50.0
182,5,50.0
182,6,50.0
182,7,50.0
182,8,50.0
182,9,50.0
182,10,50.0
182,11,53.951890548116154
182,12,50.0
182,13,50.0
182,14,50.0
182,15,50.0
182,16,50.0
182,17,50.0
182,18,50.0
182,19,50.0
182,20,50.0
182,21,50.0
182,22,50.0
182,23,50.0
182,24,50.0
182,25,50.0
182,26,50.0
182,27,50.0
182,28,50.0
182,29,50.0
182,30,50.0
183,1,50.0
183,2,50.0
183,3,50.0
183,4,50.0
183,5,50.0
183,6,50.0
183,7,50.0
183,8,50.0
183,9,50.0
183,10,50.0
183,11,50.0
183,12,50.0
183,13,50.0
183,14,50.0
183,15,50.0
183,16,50.0
183,17,50.0
183,18,50.0
183,19,50.0
183,20,50.0
183,21,50.0
183,22,50.0
183,23,50.0
183,24,50.0
183,25,50.0
183,26,50.0
183,27,50.0
183,28,50.0
183,29,63.175904958720395
183,30,50.0
184,1,50.0
184,2,50.0
184,3,50.0
184,4,50.0
184,5,50.0
184,6,50.0
184,7,50.0
184,8,50.0
184,9,50.0
184,10,50.0
184,11,50.0
184,12,50.0
184,13,50.0
184,14,50.0
184,15,50.0
184,16,50.0
184,17,50.0
184,18,50.0
184,19,50.0
184,20,50.0
184,21,50.0
184,22,50.652560646629695
184,23,50.0
184,24,50.0
184,25,50.0
184,26,50.0
184,27,50.0
184,28,50.0
184,29,50.0
184,30,50.0
185,1,50.0
185,2,50.0
185,3,50.0
185,4,50.0
185,5,50.0
185,6,50.0
185,7,50.0
185,8,50.0
185,9,50.0
185,10,50.0
185,11,50.0
185,12,50.0
185,13,50.0
185,14,50.0
185,15,50.0
185,16,50.0
185,17,50.0
185,18,50.0
185,19,50.0
185,20,50.0
185,21,50.0
185,22,50.0
185,23,50.0
185,24,50.0
185,25,50.0
185,26,50.0
185,27,50.0
185,28,50.0
185,29,50.0
185,30,50.0
186,1,50.0
186,2,50.0
186,3,50.0
186,4,50.0
186,5,50.0
186,6,50.0
186,7,50.0
186,8,50.0
186,9,71.09955123817083
186,10,50.0
186,11,50.0
186,12,50.0
186,13,50.0
186,14,50.0
186,15,50.0
186,16,50.0
186,17,50.0
186,18,50.0
186,19,50.0
186,20,50.0
186,21,50.0
186,22,50.0
186,23,50.0
186,24,50.0
186,25,50.0
186,26,50.0
186,27,50.0
186,28,50.0
186,29,50.0
186,30,50.0
187,1,50.0
187,2,50.0
187,3,52.25790097417229
187,4,50.0
187,5,50.0
187,6,50.0
187,7,50.0
187,8,50.0
187,9,50.0
187,10,50.0
187,11,50.0
187,12,50.0
187,13,50.0
187,14,50.0
187,15,50.0
187,16,56.453591672822085
187,17,50.0
187,18,50.0
187,19,50.0
187,20,53.33407407701314
187,21,50.0
187,22,50.0
187,23,50.0
187,24,50.0
187,25,50.0
187,26,50.0
187,27,50.0
187,28,50.0
187,29,76.4551508633123
187,30,50.0
188,1,50.0
188,2,50.0
188,3,50.0
188,4,50.0
188,5,50.0
188,6,50.0
188,7,50.0
188,8,50.0
188,9,50.0
188,10,50.0
188,11,50.0
188,12,50.0
188,13,50.0
188,14,50.0
188,15,50.0
188,16,50.0
188,17,50.0
188,18,50.0
188,19,50.0
188,20,50.0
188,21,50.0
188,22,50.0
188,23,50.0
188,24,50.0
188,25,50.0
188,26,50.0
188,27,50.0
188,28,50.0
188,29,50.0
188,30,50.0
189,1,50.0
189,2,50.0
189,3,50.0
189,4,50.0
189,5,50.0
189,6,50.0
189,7,50.0
189,8,50.0
189,9,50.0
189,10,50.0
189,11,50.0
189,12,50.0
189,13,50.0
189,14,50.0
189,15,64.1614817023913
189,16,50.0
189,17,50.0
189,18,50.0
189,19,50.0
189,20,50.0
189,21,50.0
189,22,50.0
189,23,50.0
189,24,50.0
189,25,50.0
189,26,50.0
189,27,50.0
189,28,50.0
189,29,50.0
189,30,50.0
190,1,50.0
190,2,50.0
190,3,50.0
190,4,50.0
190,5,50.0
190,6,50.0
190,7,50.0
190,8,50.0
190,9,50.0
190,10,50.0
190,11,50.0
190,12,50.0
190,13,50.0
190,14,50.0
190,15,50.0
190,16,50.0
190,17,50.0
190,18,50.0
190,19,50.0
190,20,50.0
190,21,50.0
190,22,50.0
190,23,50.0
190,24,50.0
190,25,50.0
190,26,50.0
190,27,50.0
190,28,50.0
190,29,50.0
190,30,50.0
191,1,50.0
191,2,50.0
191,3,50.0
191,4,50.0
191,5,50.0
191,6,50.0
191,7,50.0
191,8,50.0
191,9,50.0
191,10,50.0
191,11,50.0
191,12,50.0
191,13,50.0
191,14,50.0
191,15,50.0
191,16,50.0
191,17,50.0
191,18,50.0
191,19,50.0
191,20,50.0
191,21,50.0
191,22,50.0
191,23,50.0
191,24,50.0
191,25,50.0
191,26,50.0
191,27,50.0
191,28,50.0
191,29,50.0
191,30,50.0
192,1,50.0
192,2,50.0
192,3,50.0
192,4,50.0
192,5,50.0
192,6,50.0
192,7,50.0
192,8,50.0
192,9,68.9009530311142
192,10,50.0
192,11,50.0
192,12,50.0
192,13,50.0
192,14,50.0
192,15,52.82676688218074
192,16,50.0
192,17,50.0
192,18,50.0
192,19,50.0
192,20,50.0
192,21,50.0
192,22,50.0
192,23,50.0
192,24,50.0
192,25,50.0
192,26,50.0
192,27,50.0
192,28,50.0
192,29,50.0
192,30,50.0
193,1,50.0
193,2,50.0
193,3,50.0
193,4,50.0
193,5,50.0
193,6,50.0
193,7,50.0
193,8,55.96854063593777
193,9,50.0
193,10,56.998115423372106
193,11,50.0
193,12,50.0
193,13,50.0
193,14,50.0
193,15,50.0
193,16,50.0
193,17,50.0
193,18,50.0
193,19,50.0
193,20,50.0
193,21,50.0
193,22,50.0
193,23,50.0
193,24,50.0
193,25,50.0
193,26,50.0
193,27,50.0
193,28,50.0
193,29,50.0
193,30,50.0
194,1,50.0
194,2,50.0
194,3,50.0
194,4,50.0
194,5,50.0
194,6,50.0
194,7,50.0
194,8,50.0
194,9,50.0
194,10,50.0
194,11,50.0
194,12,50.0
194,13,50.0
194,14,50.0
194,15,50.0
194,16,50.0
194,17,50.0
194,18,50.0
194,19,50.0
194,20,50.0
194,21,50.0
194,22,50.0
194,23,50.0
194,24,50.0
194,25,50.0
194,26,50.0
194,27,50.0
194,28,50.0
194,29,50.0
194,30,50.0
195,1,50.0
195,2,50.0
195,3,50.0
195,4,50.0
195,5,61.34974520453477
195,6,50.0
195,7,50.0
195,8,50.0
195,9,50.0
195,10,50.0
195,11,50.0
195,12,50.0
195,13,50.0
195,14,50.0
195,15,50.0
195,16,50.0
195,17,50.0
195,18,50.0
195,19,50.0
195,20,50.0
195,21,50.0
195,22,50.0
195,23,50.0
195,24,50.0
195,25,55.54634372571335
195,26,50.0
195,27,50.0
195,28,50.0
195,29,50.0
195,30,50.0
196,1,50.0
196,2,50.0
196,3,50.0
196,4,50.0
196,5,50.0
196,6,50.0
196,7,50.0
196,8,50.0
196,9,50.0
196,10,64.29613204053886
196,11,50.0
196,12,50.0
196,13,54.99521320550846
196,14,50.0
196,15,50.0
196,16,50.0
196,17,50.0
196,18,50.0
196,19,50.0
196,20,50.0
196,21,50.0
196,22,50.0
196,23,50.0
196,24,50.0
196,25,50.0
196,26,50.0
196,27,50.0
196,28,50.0
196,29,50.0
196,30,50.0
197,1,50.0
197,2,50.0
197,3,50.0
197,4,50.0
197,5,50.0
197,6,50.0
197,7,50.0
197,8,50.0
197,9,50.0
197,10,50.0
197,11,50.0
197,12,50.0
197,13,50.0
197,14,50.0
197,15,50.0
197,16,50.0
197,17,50.0
197,18,50.0
197,19,50.0
197,20,50.0
197,21,50.0
197,22,50.0
197,23,50.0
197,24,50.0
197,25,50.0
197,26,50.0
197,27,55.30945133995918
197,28,50.0
197,29,50.0
197,30,50.0
198,1,50.0
198,2,50.0
198,3,50.0
198,4,50.0
198,5,50.0
198,6,50.0
198,7,50.0
198,8,50.0
198,9,50.0
198,10,50.0
198,11,50.0
198,12,50.0
198,13,50.0
198,14,50.0
198,15,50.0
198,16,50.0
198,17,50.0
198,18,50.0
198,19,50.0
198,20,50.0
198,21,50.0
198,22,50.0
198,23,50.0
198,24,50.0
198,25,50.0
198,26,50.0
198,27,50.0
198,28,50.0
198,29,50.0
198,30,50.0
199,1,50.0
199,2,50.0
199,3,50.0
199,4,50.0
199,5,52.08601956508795
199,6,50.0
199,7,50.0
199,8,50.0
199,9,50.0
199,10,50.0
199,11,50.0
199,12,50.0
199,13,50.0
199,14,50.0
199,15,50.0
199,16,50.0
199,17,50.0
199,18,50.0
199,19,50.0
199,20,50.0
199,21,50.0
199,22,50.0
199,23,50.0
199,24,50.0
199,25,50.0
199,26,50.0
199,27,50.0
199,28,50.0
199,29,50.0
199,30,50.0
